conditionId,side,city,entryTs,entryPrice,exitTs,exitPrice,shares,usdc,holdMin,pnl,status,title
0x152092a060ddce09ed84c3f0fd7348819db76a3036722231ed3fafa534ae0e59,NO,Jakarta,1775438035,0.9815,1775438939,0.9815,40.75,40.00,15.1,0.0000,timeout-flat,Will the highest temperature in Jakarta be 29°C on April 6?
0x24ec674cbf5d812b545e1bfb9b23dfcd569b933cedf571638ab44a46f4d447e0,NO,Jakarta,1775441138,0.9630,1775442038,0.9630,41.54,40.00,15.0,0.0000,timeout-flat,Will the highest temperature in Jakarta be 30°C on April 6?
0x8d44af553d26a04b58ce89dea5af18fbba250889c82de8ef9c62e190bc421c07,NO,Paris,1775493579,0.9815,1775494490,0.9815,40.75,40.00,15.2,0.0000,timeout-flat,Will the highest temperature in Paris be 19°C on April 6?
0x8d44af553d26a04b58ce89dea5af18fbba250889c82de8ef9c62e190bc421c07,NO,Paris,1775494968,0.9650,1775495921,0.9650,41.45,40.00,15.9,0.0000,timeout-flat,Will the highest temperature in Paris be 19°C on April 6?
0x748eb438cf07dc087e7545aa7c81e992f3606d63bd2672b7b13e5842b45548f5,NO,Paris,1775495211,0.9895,1775495993,0.9990,40.42,40.00,13.0,0.3840,target-hit,Will the highest temperature in Paris be 18°C on April 6?
0x8d44af553d26a04b58ce89dea5af18fbba250889c82de8ef9c62e190bc421c07,NO,Paris,1775496042,0.9970,1775496943,0.9970,40.12,40.00,15.0,0.0000,timeout-flat,Will the highest temperature in Paris be 19°C on April 6?
0x748eb438cf07dc087e7545aa7c81e992f3606d63bd2672b7b13e5842b45548f5,NO,Paris,1775496292,0.9970,1775497193,0.9970,40.12,40.00,15.0,0.0000,timeout-flat,Will the highest temperature in Paris be 18°C on April 6?
0xe62449d0fd5bd4571f7469ed65a8500ba44129bf5d63235d3f3ec8e3778d0b62,NO,Toronto,1775534679,0.9950,1775534867,0.9990,40.20,40.00,3.1,0.1608,target-hit,Will the highest temperature in Toronto be 1°C on April 7?
0x280410e063bd70ce4593c02face24bd5c260a22e47280869a981daf3f35631af,NO,Shanghai,1775709953,0.9590,1775710856,0.9590,41.71,40.00,15.1,0.0000,timeout-flat,Will the highest temperature in Shanghai be 26°C on April 9?
0x280410e063bd70ce4593c02face24bd5c260a22e47280869a981daf3f35631af,NO,Shanghai,1775711029,0.9965,1775711208,0.9990,40.14,40.00,3.0,0.1004,target-hit,Will the highest temperature in Shanghai be 26°C on April 9?
0x2affc23f1011c1bf2154bbe4fa696cbce45fb1177634d22a1061dc17ad9e22c1,NO,Shanghai,1775712337,0.9550,1775713178,0.9990,41.88,40.00,14.0,1.8429,target-hit,Will the highest temperature in Shanghai be 27°C on April 9?
0xb20df46efc6df6b705ed36fc9aa5928997033e47de4974323c6b94b43f7e50a9,NO,Shanghai,1775714556,0.9950,1775714807,0.9990,40.20,40.00,4.2,0.1608,target-hit,Will the highest temperature in Shanghai be 28°C on April 9?
0x6a7ec581dcd6f5e0b62ecac0daf17379647f5059267237236a8feac7d0a1acb0,NO,Seoul,1775888980,0.9565,1775889415,0.9990,41.82,40.00,7.3,1.7773,target-hit,Will the highest temperature in Seoul be 11°C on April 11?
0x6a7ec581dcd6f5e0b62ecac0daf17379647f5059267237236a8feac7d0a1acb0,NO,Seoul,1775889938,0.9925,1775890780,0.9990,40.30,40.00,14.0,0.2620,target-hit,Will the highest temperature in Seoul be 11°C on April 11?
0x144e63c4bd0952427d3eecee4c36b425df7e05a671c8da280e32fd3cffdc3ccc,NO,Tel Aviv,1775908489,0.9950,1775908545,0.9990,40.20,40.00,0.9,0.1608,target-hit,Will the highest temperature in Tel Aviv be 21°C on April 11?
0x620546673dc34f996f12dc91edda7f5ac3f178399738718e278d65297f0192de,NO,Amsterdam,1775910404,0.9980,1775910526,0.9990,40.08,40.00,2.0,0.0401,target-hit,Will the highest temperature in Amsterdam be 15°C on April 11?
0x3a4ae2167258ba44f5683522dbc41da75a74b92c2fc3824e7ddd99758f543de0,NO,Chongqing,1775966915,0.9725,1775967815,0.9725,41.13,40.00,15.0,0.0000,timeout-flat,Will the highest temperature in Chongqing be 21°C on April 12?
0x3a4ae2167258ba44f5683522dbc41da75a74b92c2fc3824e7ddd99758f543de0,NO,Chongqing,1775967815,0.9815,1775968721,0.9815,40.75,40.00,15.1,0.0000,timeout-flat,Will the highest temperature in Chongqing be 21°C on April 12?
0x5c96bf381e7eecf576da778a03af38b74ca3821e509698b27bbf9ef3282f3663,NO,Tokyo,1775968429,0.9950,1775968786,0.9990,40.20,40.00,6.0,0.1608,target-hit,Will the highest temperature in Tokyo be 21°C on April 12?
0x74a307ad8c1a58750ed04a37f8bef2f62627636b08f96b55560deae50892c729,NO,Jakarta,1775970159,0.9900,1775970398,0.9990,40.40,40.00,4.0,0.3636,target-hit,Will the highest temperature in Jakarta be 33°C on April 12?
0x3a4ae2167258ba44f5683522dbc41da75a74b92c2fc3824e7ddd99758f543de0,NO,Chongqing,1775970156,0.9945,1775970456,0.9990,40.22,40.00,5.0,0.1810,target-hit,Will the highest temperature in Chongqing be 21°C on April 12?
0x40f0750d3bd1c163dd82cf52b84340992a6fce5c73fc0d849dcb252dbd482dc6,NO,Seoul,1775975207,0.9910,1775975706,0.9990,40.36,40.00,8.3,0.3229,target-hit,Will the highest temperature in Seoul be 18°C on April 12?
0x40f0750d3bd1c163dd82cf52b84340992a6fce5c73fc0d849dcb252dbd482dc6,NO,Seoul,1775976107,0.9955,1775976167,0.9990,40.18,40.00,1.0,0.1406,target-hit,Will the highest temperature in Seoul be 18°C on April 12?
0xe614dfb796f8fe32f39a37722376c3c7572d49bff81b7f548078f02cc1e0df35,NO,Jeddah,1775980911,0.9950,1775981082,0.9990,40.20,40.00,2.9,0.1608,target-hit,Will the highest temperature in Jeddah be 29°C on April 12?
0x13f596915b6c245291c6a34caf29ff6be2ea7aa182a6b5423956d023950c4594,NO,Warsaw,1775991232,0.9650,1775992187,0.9650,41.45,40.00,15.9,0.0000,timeout-flat,Will the highest temperature in Warsaw be 13°C on April 12?
0x06f8ab2b5080f9e845569ce500fc2e2a336e937b74e13c96d5b61c553fc55674,NO,Lagos,1775992300,0.9950,1775992425,0.9990,40.20,40.00,2.1,0.1608,target-hit,Will the highest temperature in Lagos be 33°C on April 12?
0x13f596915b6c245291c6a34caf29ff6be2ea7aa182a6b5423956d023950c4594,NO,Warsaw,1775992912,0.9605,1775993629,0.9990,41.64,40.00,11.9,1.6033,target-hit,Will the highest temperature in Warsaw be 13°C on April 12?
0xa28dde9b7ff59bd4e192c801bc3b705154bb0ea2194dc7d159fb36cffd31cc3d,NO,Amsterdam,1775994396,0.9575,1775995309,0.9575,41.78,40.00,15.2,0.0000,timeout-flat,Will the highest temperature in Amsterdam be 13°C on April 12?
0xa28dde9b7ff59bd4e192c801bc3b705154bb0ea2194dc7d159fb36cffd31cc3d,NO,Amsterdam,1775995363,0.9675,1775996318,0.9675,41.34,40.00,15.9,0.0000,timeout-flat,Will the highest temperature in Amsterdam be 13°C on April 12?
0xa28dde9b7ff59bd4e192c801bc3b705154bb0ea2194dc7d159fb36cffd31cc3d,NO,Amsterdam,1775996678,0.9900,1775996919,0.9990,40.40,40.00,4.0,0.3636,target-hit,Will the highest temperature in Amsterdam be 13°C on April 12?
0x04ff5c4ad3dda6aefcb61d96292c7c7c3327b8a5060eab978d936b22ac568abe,NO,Milan,1775997701,0.9885,1775998660,0.9885,40.47,40.00,16.0,0.0000,timeout-flat,Will the highest temperature in Milan be 17°C on April 12?
0xbc0f37a1a3f162f96dd1bebe679f06ab2aed8296a6f71be8ca3fdc2ad700f579,NO,Lagos,1776000824,0.9950,1776000945,0.9990,40.20,40.00,2.0,0.1608,target-hit,Will the highest temperature in Lagos be 34°C on April 12?
0x715e306c8c760f5c6a1e2a5a73858f8e61079a1487ffdb12888e5ec1e74e098e,NO,Amsterdam,1776002089,0.9900,1776002330,0.9990,40.40,40.00,4.0,0.3636,target-hit,Will the highest temperature in Amsterdam be 14°C on April 12?
0x0716add0cdb19df69ac5ea6e1eb33d0d1be01161bf770cc0ac1d41ca1656b673,NO,Milan,1776030401,0.9715,1776031309,0.9715,41.17,40.00,15.1,0.0000,timeout-flat,Will the highest temperature in Milan be 13°C on April 13?
0x0716add0cdb19df69ac5ea6e1eb33d0d1be01161bf770cc0ac1d41ca1656b673,NO,Milan,1776031309,0.9800,1776032262,0.9800,40.82,40.00,15.9,0.0000,timeout-flat,Will the highest temperature in Milan be 13°C on April 13?
0x1c40e6a65f3561cfba4112d078f532d00b7f7b25e11e66f9579016b8b893f907,NO,Taipei,1776040059,0.9820,1776040661,0.9990,40.73,40.00,10.0,0.6925,target-hit,Will the highest temperature in Taipei be 29°C on April 13?
0x5ea8e8c813f97e83130dff9702d6782a9ded4b7091a5f0dccdd56a9cedde7bf6,NO,Taipei,1776040065,0.9605,1776041024,0.9605,41.64,40.00,16.0,0.0000,timeout-flat,Will the highest temperature in Taipei be 30°C on April 13?
0x5ea8e8c813f97e83130dff9702d6782a9ded4b7091a5f0dccdd56a9cedde7bf6,NO,Taipei,1776041024,0.9845,1776041929,0.9845,40.63,40.00,15.1,0.0000,timeout-flat,Will the highest temperature in Taipei be 30°C on April 13?
0x5ea8e8c813f97e83130dff9702d6782a9ded4b7091a5f0dccdd56a9cedde7bf6,NO,Taipei,1776042109,0.9895,1776042465,0.9990,40.42,40.00,5.9,0.3840,target-hit,Will the highest temperature in Taipei be 30°C on April 13?
0xd6ec657a7be515cd602994a721ff4e2135e61bf7319354e1fafd40a97f1a1ab2,NO,Singapore,1776056563,0.9950,1776056746,0.9990,40.20,40.00,3.0,0.1608,target-hit,Will the highest temperature in Singapore be 32°C on April 13?
0x5e9f83e58b42307e868f3c0e6f51d4e24a63f0847300508b083972dfd22a5933,NO,Helsinki,1776071314,0.9795,1776072215,0.9795,40.84,40.00,15.0,0.0000,timeout-flat,Will the highest temperature in Helsinki be 11°C on April 13?
0x109c804892188dcf8c5019bf76433e7f01e819f2207335ec3f43868c5f89b0d4,NO,Ankara,1776086564,0.9950,1776086807,0.9990,40.20,40.00,4.0,0.1608,target-hit,Will the highest temperature in Ankara be 11°C on April 13?
0x45cd4cabe721eb65523f5fffbfd409213d061ca9fb60e3172df6bfb02aedd6c1,NO,Amsterdam,1776086560,0.9950,1776086921,0.9990,40.20,40.00,6.0,0.1608,target-hit,Will the highest temperature in Amsterdam be 13°C on April 13?
0x543927cd39d3bc06b09b643c4d1bac020c71410d8e9080a2edade6343e1431e7,NO,Austin,1776099397,0.9780,1776100309,0.9780,40.90,40.00,15.2,0.0000,timeout-flat,Will the highest temperature in Austin be between 80-81°F on April 13?
0x7136447c8becb2552c48ab1169b59a9b1824455df2b346a7eafadecd61c41ab0,NO,Seattle,1776106597,0.9950,1776106908,0.9990,40.20,40.00,5.2,0.1608,target-hit,Will the highest temperature in Seattle be between 52-53°F on April 13?
0x3c7b01cf1fdb839dca35b7e7fe1dfeedde8ab90b7a2a3f24619eaaacdccbc18b,NO,Singapore,1776137509,0.9950,1776137811,0.9990,40.20,40.00,5.0,0.1608,target-hit,Will the highest temperature in Singapore be 32°C on April 14?
0x2831738e034bd00c4c31000f36f094b0ce7c6570d4cca765b424e0efd2819ba9,NO,Lagos,1776155322,0.9545,1776156237,0.9545,41.91,40.00,15.3,0.0000,timeout-flat,Will the highest temperature in Lagos be 31°C on April 14?
0xf90331582f05e80b1e9f124c88814edecb648b3e1582c272e98b786f509a2a79,NO,Lagos,1776165108,0.9950,1776165195,0.9990,40.20,40.00,1.4,0.1608,target-hit,Will the highest temperature in Lagos be 33°C on April 14?
0x01afd9011ae833ec142fd25ea65116a8cb0d47cae6d1de713d458d2ed4e66b74,NO,Lagos,1776165099,0.9950,1776165238,0.9990,40.20,40.00,2.3,0.1608,target-hit,Will the highest temperature in Lagos be 32°C on April 14?
0xe02a2dc50eb477249252bcce9c547dd55a21e0f43fb2b02a7840e8011eaf6f87,NO,Amsterdam,1776171168,0.9950,1776171529,0.9990,40.20,40.00,6.0,0.1608,target-hit,Will the highest temperature in Amsterdam be 14°C on April 14?
0x68d9cdafb59408ae4b3327152c26d4918a6e5825fb6a8e07de418b596895d999,NO,Panama City,1776183768,0.9690,1776184725,0.9690,41.28,40.00,15.9,0.0000,timeout-flat,Will the highest temperature in Panama City be 32°C on April 14?
0x68d9cdafb59408ae4b3327152c26d4918a6e5825fb6a8e07de418b596895d999,NO,Panama City,1776184725,0.9685,1776185632,0.9685,41.30,40.00,15.1,0.0000,timeout-flat,Will the highest temperature in Panama City be 32°C on April 14?
0x265d99bfca5b37742350d122e5d3ce6f2e83c9d528f88fb2a1a0f15e5531a4f8,NO,Toronto,1776189232,0.9950,1776189349,0.9990,40.20,40.00,1.9,0.1608,target-hit,Will the highest temperature in Toronto be 22°C on April 14?
0x7c6eb73eb2ab9e528e20e679383a534adebc4d3ffdc16a38e635920112c942c1,NO,Wellington,1776203570,0.9500,1776204355,0.9990,42.11,40.00,13.1,2.0632,target-hit,Will the highest temperature in Wellington be 16°C on April 15?
0xd8039914889a0a46a75d9ab56b5dbb3c9120325908d689fe8925cc556a154714,NO,Taipei,1776211903,0.9650,1776212806,0.9650,41.45,40.00,15.1,0.0000,timeout-flat,Will the highest temperature in Taipei be 29°C on April 15?
0xc26786e844eb6b46050fbe2827037ea27e5d772280eecebb9d76e94449a34c44,NO,Karachi,1776213408,0.9900,1776214367,0.9900,40.40,40.00,16.0,0.0000,timeout-flat,Will the highest temperature in Karachi be 26°C or below on April 15?
0xd8039914889a0a46a75d9ab56b5dbb3c9120325908d689fe8925cc556a154714,NO,Taipei,1776214247,0.9770,1776215202,0.9770,40.94,40.00,15.9,0.0000,timeout-flat,Will the highest temperature in Taipei be 29°C on April 15?
0xc26786e844eb6b46050fbe2827037ea27e5d772280eecebb9d76e94449a34c44,NO,Karachi,1776216582,0.9975,1776217492,0.9975,40.10,40.00,15.2,0.0000,timeout-flat,Will the highest temperature in Karachi be 26°C or below on April 15?
0xc740af6ea555a1c58605c25fd41dfc107827cffd6ac16daa767446bcbbb64d75,NO,Taipei,1776218507,0.9550,1776219458,0.9550,41.88,40.00,15.8,0.0000,timeout-flat,Will the highest temperature in Taipei be 31°C on April 15?
0xc740af6ea555a1c58605c25fd41dfc107827cffd6ac16daa767446bcbbb64d75,NO,Taipei,1776220480,0.9950,1776220662,0.9990,40.20,40.00,3.0,0.1608,target-hit,Will the highest temperature in Taipei be 31°C on April 15?
0xda2d5a475f0b18d4e599d0e4c1a1a68adfcd7466780ff8d04833c6f599eca0a1,NO,Tokyo,1776221743,0.9545,1776222407,0.9990,41.91,40.00,11.1,1.8649,target-hit,Will the highest temperature in Tokyo be 19°C on April 15?
0x1f48ca87e7709408ef8dd806edab185a59aac6a8621b6f0d9e64bf7cfcbab9df,NO,Singapore,1776232917,0.9950,1776233163,0.9990,40.20,40.00,4.1,0.1608,target-hit,Will the highest temperature in Singapore be 30°C on April 15?
0x6167ebc9e58dcaf379cc6c4548d8e05908d199402f27a5e7f2a7bfb3973e543b,NO,Shenzhen,1776233328,0.9950,1776233444,0.9990,40.20,40.00,1.9,0.1608,target-hit,Will the highest temperature in Shenzhen be 29°C on April 15?
0x9a5da92b3b6b4eb377e81f42ee927e07230f6cea018362fb98c95387a463da1d,NO,Jeddah,1776236519,0.9950,1776236580,0.9990,40.20,40.00,1.0,0.1608,target-hit,Will the highest temperature in Jeddah be 33°C on April 15?
0xc99e492e5cefc9618dd8c8078cf19fefcea135c5146985d68da1a2cee5710d29,NO,Manila,1776236627,0.9900,1776237535,0.9900,40.40,40.00,15.1,0.0000,timeout-flat,Will the highest temperature in Manila be 34°C on April 15?
0xa42ca03cc11c884d6dfaccfd4019ae2d88f92155b81d876967553c9ed15d77c3,NO,Guangzhou,1776236864,0.9950,1776237823,0.9950,40.20,40.00,16.0,0.0000,timeout-flat,Will the highest temperature in Guangzhou be 30°C or below on April 15?
0xc99e492e5cefc9618dd8c8078cf19fefcea135c5146985d68da1a2cee5710d29,NO,Manila,1776239317,0.9910,1776239377,0.9990,40.36,40.00,1.0,0.3229,target-hit,Will the highest temperature in Manila be 34°C on April 15?
0x558d54b8818d9f895d84e13f6a3a1a5b08f13c2753afda03ba423bc7d343f5bc,NO,Jeddah,1776240114,0.9950,1776240284,0.9990,40.20,40.00,2.8,0.1608,target-hit,Will the highest temperature in Jeddah be 34°C on April 15?
0x093fdd491b276068ef9e8a4578656c88f273c98c4c496f0ffdb5d2d9d5cd78ee,NO,Singapore,1776241959,0.9950,1776242199,0.9990,40.20,40.00,4.0,0.1608,target-hit,Will the highest temperature in Singapore be 31°C on April 15?
0x62976da7f890bc117741a8d5092cfbd1d05bda4f692dc03710eb5eacb67c577e,NO,Lucknow,1776243819,0.9505,1776244010,0.9990,42.08,40.00,3.2,2.0410,target-hit,Will the highest temperature in Lucknow be 38°C on April 15?
0x4325228acb2e55fa2549ef7fd9d0762791aae676c4a5b8fdcc363add4d0ed24b,NO,Cape Town,1776251200,0.9950,1776251401,0.9990,40.20,40.00,3.4,0.1608,target-hit,Will the highest temperature in Cape Town be 20°C on April 15?
0xe7b10e5087de993da0c7cb0ff0d277dfbaa45be76752c556870b74c8cbd44598,NO,Lagos,1776251803,0.9950,1776251922,0.9990,40.20,40.00,2.0,0.1608,target-hit,Will the highest temperature in Lagos be 33°C on April 15?
0xc3f5333267dcebd793113f4ab39a459d274c596090a4ed5cd908b7c3645d108e,NO,Amsterdam,1776256604,0.9705,1776257572,0.9705,41.22,40.00,16.1,0.0000,timeout-flat,Will the highest temperature in Amsterdam be 17°C on April 15?
0x0545a3c285aa451c39e62e6fcfa19730b965a937a961cafc7cebaa0bca006fdb,NO,London,1776259359,0.9650,1776259550,0.9990,41.45,40.00,3.2,1.4093,target-hit,Will the highest temperature in London be 16°C on April 15?
0xe43280d8f22bc244a4703778083dd61d9612bf09fa16914ac3915e64f91c6054,NO,Sao Paulo,1776275801,0.9950,1776276062,0.9990,40.20,40.00,4.3,0.1608,target-hit,Will the highest temperature in Sao Paulo be 26°C on April 15?
0xa78b7a3926dc7a6eb78240fed855cd691952b4ba6f0cfa426e94b27c859cc6a4,NO,New York City,1776279339,0.9950,1776279595,0.9990,40.20,40.00,4.3,0.1608,target-hit,Will the highest temperature in New York City be between 84-85°F on April 15?
0xfcaa1ef1c76f5dd40c79453ac3ded6e6520e3479ad0b76b981e3a338b1f154d3,NO,Paris,1776281507,0.9935,1776281620,0.9990,40.26,40.00,1.9,0.2214,target-hit,Will the highest temperature in Paris be 18°C on April 15?
0x0e29abba3c6de729246ecc758d258bef2a6e30bbc5097c72f2bd19a5d2ccaa9c,NO,Denver,1776291466,0.9950,1776291704,0.9990,40.20,40.00,4.0,0.1608,target-hit,Will the highest temperature in Denver be between 64-65°F on April 15?
0x290b246c947de37f667bdf8d63521157f12895e67602ba26d8184bc1fc804db0,NO,Denver,1776291468,0.9950,1776291706,0.9990,40.20,40.00,4.0,0.1608,target-hit,Will the highest temperature in Denver be between 66-67°F on April 15?
0x5bc9fc44e1be397a052abe23023be3c59b873df52a5e2f0badc6a25cbbac3454,NO,Tokyo,1776298318,0.9820,1776299263,0.9820,40.73,40.00,15.8,0.0000,timeout-flat,Will the highest temperature in Tokyo be 19°C on April 16?
0x57ad0747f4e1e9c67855af40683ae56de75f91bea5d657947e60291abcc08003,NO,Busan,1776301549,0.9700,1776302455,0.9700,41.24,40.00,15.1,0.0000,timeout-flat,Will the highest temperature in Busan be 18°C on April 16?
0x57ad0747f4e1e9c67855af40683ae56de75f91bea5d657947e60291abcc08003,NO,Busan,1776302864,0.9705,1776303771,0.9705,41.22,40.00,15.1,0.0000,timeout-flat,Will the highest temperature in Busan be 18°C on April 16?
0x57ad0747f4e1e9c67855af40683ae56de75f91bea5d657947e60291abcc08003,NO,Busan,1776303771,0.9845,1776304671,0.9845,40.63,40.00,15.0,0.0000,timeout-flat,Will the highest temperature in Busan be 18°C on April 16?
0xa554c426d0b165b7180ff557d30397a253c027bd36f23aa40287ace8deaff7c2,NO,Kuala Lumpur,1776307210,0.9750,1776308156,0.9750,41.03,40.00,15.8,0.0000,timeout-flat,Will the highest temperature in Kuala Lumpur be 31°C on April 16?
0xf2fcd7d5f34c230db1e07744bf35871bd28f7c2e1535b4baab5131226fd654b9,NO,Seoul,1776310064,0.9550,1776310719,0.9990,41.88,40.00,10.9,1.8429,target-hit,Will the highest temperature in Seoul be 22°C on April 16?
0xdb80249d864e0a106216c8fa71e4a82d59fd5012f615ee26451d113b1ac081db,NO,Guangzhou,1776314079,0.9950,1776314199,0.9990,40.20,40.00,2.0,0.1608,target-hit,Will the highest temperature in Guangzhou be 30°C on April 16?
0xb9813f4d7f1a4107c62f776d38d1372bd109c2e3ee2c39f1c55939b1c113a334,NO,Chongqing,1776314812,0.9600,1776315713,0.9600,41.67,40.00,15.0,0.0000,timeout-flat,Will the highest temperature in Chongqing be 24°C on April 16?
0x20573cd009f5f1671dd14cbd1059de7780761628f5d32530195dbdeb6aca0bd0,NO,Singapore,1776315818,0.9950,1776315941,0.9990,40.20,40.00,2.0,0.1608,target-hit,Will the highest temperature in Singapore be 32°C on April 16?
0xb9813f4d7f1a4107c62f776d38d1372bd109c2e3ee2c39f1c55939b1c113a334,NO,Chongqing,1776315713,0.9945,1776316065,0.9990,40.22,40.00,5.9,0.1810,target-hit,Will the highest temperature in Chongqing be 24°C on April 16?
0xa8f01c0d40b6d80169bc39e1d94807fca1cec9c7422e4810344b3a5a49f40c86,NO,Shenzhen,1776319844,0.9950,1776319903,0.9990,40.20,40.00,1.0,0.1608,target-hit,Will the highest temperature in Shenzhen be 30°C on April 16?
0xe5f5d8e4d55be50156647c2fcdbadaa167abc656e58965c27c02932f1c37b4c8,NO,Jeddah,1776323042,0.9700,1776323983,0.9700,41.24,40.00,15.7,0.0000,timeout-flat,Will the highest temperature in Jeddah be 35°C on April 16?
0x51dab5f5581624d92b02d6df6c52cdbcdec0c849f2d4c59da7d92f5da5db3c63,NO,Tel Aviv,1776326521,0.9900,1776327477,0.9900,40.40,40.00,15.9,0.0000,timeout-flat,Will the highest temperature in Tel Aviv be 33°C on April 16?
0xb75d2840abfb09ec67969c2dde322d9b6a6f475d19c4bacb302af25b730e30f3,NO,Tel Aviv,1776329680,0.9585,1776330584,0.9585,41.73,40.00,15.1,0.0000,timeout-flat,Will the highest temperature in Tel Aviv be 34°C on April 16?
0xb75d2840abfb09ec67969c2dde322d9b6a6f475d19c4bacb302af25b730e30f3,NO,Tel Aviv,1776331002,0.9545,1776331914,0.9545,41.91,40.00,15.2,0.0000,timeout-flat,Will the highest temperature in Tel Aviv be 34°C on April 16?
0xb75d2840abfb09ec67969c2dde322d9b6a6f475d19c4bacb302af25b730e30f3,NO,Tel Aviv,1776333160,0.9980,1776333285,0.9990,40.08,40.00,2.1,0.0401,target-hit,Will the highest temperature in Tel Aviv be 34°C on April 16?
0xf8181b2b8b4fa7d91a3fc0b452b05d2a9321645320b729c95553e7a9509239f4,NO,Cape Town,1776334306,0.9550,1776335261,0.9550,41.88,40.00,15.9,0.0000,timeout-flat,Will the highest temperature in Cape Town be 20°C on April 16?
0xf8181b2b8b4fa7d91a3fc0b452b05d2a9321645320b729c95553e7a9509239f4,NO,Cape Town,1776335382,0.9750,1776336344,0.9750,41.03,40.00,16.0,0.0000,timeout-flat,Will the highest temperature in Cape Town be 20°C on April 16?
0xf8181b2b8b4fa7d91a3fc0b452b05d2a9321645320b729c95553e7a9509239f4,NO,Cape Town,1776337001,0.9860,1776337601,0.9990,40.57,40.00,10.0,0.5274,target-hit,Will the highest temperature in Cape Town be 20°C on April 16?
0x8f8a1dd389593c9ed310961cdb6e5049a49f1ec5da82983895e5c32720558516,NO,Tel Aviv,1776338506,0.9950,1776338863,0.9990,40.20,40.00,6.0,0.1608,target-hit,Will the highest temperature in Tel Aviv be 35°C on April 16?
0x5befeccab18bf5b5cdf4fea7c8d1fbb01b5201d4acaebbf9ba3834e0125314a4,NO,Helsinki,1776339459,0.9795,1776340359,0.9990,40.84,40.00,15.0,0.7963,target-hit,Will the highest temperature in Helsinki be 10°C on April 16?
0x84e5de56c51c16698acb0d6d279ebf0d05efc119dded423a569455139627453c,NO,Lagos,1776340974,0.9560,1776341520,0.9990,41.84,40.00,9.1,1.7992,target-hit,Will the highest temperature in Lagos be 28°C or below on April 16?
0x954e8a8d9ba0d3f055cbe3032efdeae98ab7940cbea09266a249e067c32bcc86,NO,Lagos,1776342109,0.9595,1776343021,0.9595,41.69,40.00,15.2,0.0000,timeout-flat,Will the highest temperature in Lagos be 29°C on April 16?
0x954e8a8d9ba0d3f055cbe3032efdeae98ab7940cbea09266a249e067c32bcc86,NO,Lagos,1776343074,0.9695,1776344027,0.9695,41.26,40.00,15.9,0.0000,timeout-flat,Will the highest temperature in Lagos be 29°C on April 16?
0x954e8a8d9ba0d3f055cbe3032efdeae98ab7940cbea09266a249e067c32bcc86,NO,Lagos,1776344087,0.9530,1776344991,0.9530,41.97,40.00,15.1,0.0000,timeout-flat,Will the highest temperature in Lagos be 29°C on April 16?
0x954e8a8d9ba0d3f055cbe3032efdeae98ab7940cbea09266a249e067c32bcc86,NO,Lagos,1776344991,0.9505,1776345116,0.9990,42.08,40.00,2.1,2.0410,target-hit,Will the highest temperature in Lagos be 29°C on April 16?
0x92c5cb953c424f83c29bec989879522ccfeece4b94443877fb87a0d23faa79be,NO,Milan,1776347871,0.9950,1776347928,0.9990,40.20,40.00,0.9,0.1608,target-hit,Will the highest temperature in Milan be 23°C on April 16?
0x6f91f05e64c0a2557c3cf7e8f0b32bc3fa31988be544d73dbe79455889d353f0,NO,Lagos,1776347087,0.9850,1776347990,0.9850,40.61,40.00,15.1,0.0000,timeout-flat,Will the highest temperature in Lagos be 30°C on April 16?
0x25430c5da51fb7a26e4cee27e844f819cdf29f881b336020babde7682560ffc6,NO,Paris,1776348115,0.9950,1776348230,0.9990,40.20,40.00,1.9,0.1608,target-hit,Will the highest temperature in Paris be 18°C on April 16?
0x4810c8fb93622de2e325e4c80ac5cfc2952201727f8f78693b7da7dd072beaff,NO,Buenos Aires,1776360540,0.9540,1776361444,0.9540,41.93,40.00,15.1,0.0000,timeout-flat,Will the highest temperature in Buenos Aires be 22°C on April 16?
0x3db3a6fdae7f876be6694c1766067eb25a954da7bb1000944921553b1b532131,NO,Taipei,1776384405,0.9650,1776385308,0.9650,41.45,40.00,15.1,0.0000,timeout-flat,Will the highest temperature in Taipei be 26°C on April 17?
0x3db3a6fdae7f876be6694c1766067eb25a954da7bb1000944921553b1b532131,NO,Taipei,1776386569,0.9780,1776387472,0.9780,40.90,40.00,15.1,0.0000,timeout-flat,Will the highest temperature in Taipei be 26°C on April 17?
0x4d7d8f1b31d740dca295c6eca41a8af3b08e1f8dc17908ffe20acf3456919f81,NO,Taipei,1776391305,0.9550,1776391667,0.9990,41.88,40.00,6.0,1.8429,target-hit,Will the highest temperature in Taipei be 27°C on April 17?
0x7c61bf563a4a9d7987205aedfde89925949be60883cc7e4a3de3bf6fb682593b,NO,Taipei,1776393292,0.9950,1776393463,0.9990,40.20,40.00,2.9,0.1608,target-hit,Will the highest temperature in Taipei be 28°C on April 17?
0xb1c41953f86f920c00e7cbc01c107ef45461856ac015d03919f0f8fcc3a80f34,NO,Busan,1776393162,0.9525,1776394073,0.9525,41.99,40.00,15.2,0.0000,timeout-flat,Will the highest temperature in Busan be 16°C on April 17?
0xb1c41953f86f920c00e7cbc01c107ef45461856ac015d03919f0f8fcc3a80f34,NO,Busan,1776394073,0.9715,1776395024,0.9715,41.17,40.00,15.8,0.0000,timeout-flat,Will the highest temperature in Busan be 16°C on April 17?
0xd7210bee7898cc7d2cea1f139ea4c6c4612b66ae407ead1efabc89e41de432a0,NO,Singapore,1776394914,0.9950,1776395089,0.9990,40.20,40.00,2.9,0.1608,target-hit,Will the highest temperature in Singapore be 32°C on April 17?
0xb1c41953f86f920c00e7cbc01c107ef45461856ac015d03919f0f8fcc3a80f34,NO,Busan,1776395024,0.9975,1776395147,0.9990,40.10,40.00,2.0,0.0602,target-hit,Will the highest temperature in Busan be 16°C on April 17?
0xcd8fbbf3dbe431e705a102c3197bcfb770894a26e4611bdc185112cf0ce2f8f9,NO,Cape Town,1776397556,0.9520,1776398510,0.9520,42.02,40.00,15.9,0.0000,timeout-flat,Will the highest temperature in Cape Town be 14°C or below on April 17?
0xcd8fbbf3dbe431e705a102c3197bcfb770894a26e4611bdc185112cf0ce2f8f9,NO,Cape Town,1776398510,0.9935,1776398808,0.9990,40.26,40.00,5.0,0.2214,target-hit,Will the highest temperature in Cape Town be 14°C or below on April 17?
0x420908182b34bb69deda20a121cf30b4bc9e3ed05271e3c5e0009a4c2321bbfd,NO,Denver,1776410277,0.9950,1776410458,0.9990,40.20,40.00,3.0,0.1608,target-hit,Will the highest temperature in Denver be between 52-53°F on April 17?
0xf1ac302478780e0f960009994379b8bc55a7c9cab5feb56a7e62eab7aaa74aa3,NO,Jeddah,1776410509,0.9535,1776411411,0.9535,41.95,40.00,15.0,0.0000,timeout-flat,Will the highest temperature in Jeddah be 36°C on April 17?
0xf1ac302478780e0f960009994379b8bc55a7c9cab5feb56a7e62eab7aaa74aa3,NO,Jeddah,1776411411,0.9790,1776412372,0.9790,40.86,40.00,16.0,0.0000,timeout-flat,Will the highest temperature in Jeddah be 36°C on April 17?
0x456ea44b905a35248688451cee8c5f331962ea7d8e2a6565da5a0f68f8e37d2d,NO,Jeddah,1776416571,0.9950,1776416684,0.9990,40.20,40.00,1.9,0.1608,target-hit,Will the highest temperature in Jeddah be 40°C on April 17?
0x1b7a2195dda3498500c30325d5635c8a8fc6c59fc36eaa402916882551912e2e,NO,Jeddah,1776416574,0.9950,1776416756,0.9990,40.20,40.00,3.0,0.1608,target-hit,Will the highest temperature in Jeddah be 39°C on April 17?
0x86fa769416367d9bdca761a464f6a6c2723051607d98fd717081cc85db1621ca,NO,Jeddah,1776416577,0.9950,1776416821,0.9990,40.20,40.00,4.1,0.1608,target-hit,Will the highest temperature in Jeddah be 38°C on April 17?
0x165aa933cd28c6bce0b8fb5dc985689c40bfb780ea56fb096a942c2001fa2318,NO,Lagos,1776420723,0.9950,1776420829,0.9990,40.20,40.00,1.8,0.1608,target-hit,Will the highest temperature in Lagos be 32°C on April 17?
0xc7126cb816cf443558bb1f2cdab2bc43e906bafc07452dd6d813945eda84ccce,NO,Wellington,1776427618,0.9950,1776427676,0.9990,40.20,40.00,1.0,0.1608,target-hit,Will the highest temperature in Wellington be 17°C on April 18?
0xba732482c61b14fc6ab196939019d18ffc235e2d10be49358012d676f5d8d4bb,NO,Lagos,1776428765,0.9950,1776428875,0.9990,40.20,40.00,1.8,0.1608,target-hit,Will the highest temperature in Lagos be 33°C on April 17?
0xb23381c803e49642b1dde50ae2ac2ee80f48bec62ba2e1d3af829e17b3e42694,NO,Mexico City,1776453898,0.9500,1776454848,0.9500,42.11,40.00,15.8,0.0000,timeout-flat,Will the highest temperature in Mexico City be 27°C on April 17?
0xb23381c803e49642b1dde50ae2ac2ee80f48bec62ba2e1d3af829e17b3e42694,NO,Mexico City,1776455765,0.9945,1776456071,0.9990,40.22,40.00,5.1,0.1810,target-hit,Will the highest temperature in Mexico City be 27°C on April 17?
0x7cc97a7f345dc576b31e8b609358d7de240a62e7d1d9eeebf6123c98405bd76e,NO,Taipei,1776476567,0.9510,1776477468,0.9510,42.06,40.00,15.0,0.0000,timeout-flat,Will the highest temperature in Taipei be 25°C on April 18?
0x7cc97a7f345dc576b31e8b609358d7de240a62e7d1d9eeebf6123c98405bd76e,NO,Taipei,1776477779,0.9845,1776478681,0.9845,40.63,40.00,15.0,0.0000,timeout-flat,Will the highest temperature in Taipei be 25°C on April 18?
0x7cc97a7f345dc576b31e8b609358d7de240a62e7d1d9eeebf6123c98405bd76e,NO,Taipei,1776478914,0.9700,1776479867,0.9990,41.24,40.00,15.9,1.1959,target-hit,Will the highest temperature in Taipei be 25°C on April 18?
0xb0f21a35f45c7c84a545c12862c3bb52fdb55b0d300323830c104ca2d205ba27,NO,Amsterdam,1776497385,0.9550,1776498349,0.9550,41.88,40.00,16.1,0.0000,timeout-flat,Will the highest temperature in Amsterdam be 13°C on April 18?
0xb0f21a35f45c7c84a545c12862c3bb52fdb55b0d300323830c104ca2d205ba27,NO,Amsterdam,1776498405,0.9785,1776498769,0.9990,40.88,40.00,6.1,0.8380,target-hit,Will the highest temperature in Amsterdam be 13°C on April 18?
0x5b656a43791711588d806ea5279621677953b23ae29aed422d4c7d0e66c3d3ed,NO,Beijing,1776499306,0.9950,1776499615,0.9990,40.20,40.00,5.2,0.1608,target-hit,Will the highest temperature in Beijing be 26°C on April 18?
0x69662dea8830ed7642c448020b15db2e0f4b52294c4bb62f909c8014bb5f14ba,NO,Chengdu,1776499307,0.9950,1776499615,0.9990,40.20,40.00,5.1,0.1608,target-hit,Will the highest temperature in Chengdu be 29°C on April 18?
0x854d8f54f0146c34031023febdc386cd13961d7b00a90f2914531eec80eea2bb,NO,Istanbul,1776504160,0.9950,1776504465,0.9990,40.20,40.00,5.1,0.1608,target-hit,Will the highest temperature in Istanbul be 13°C on April 18?
0x2cbe9de8a081770c5785807535b054e03c08dcff3c8e6a03a9770b90e7116a42,NO,Sao Paulo,1776524727,0.9550,1776525672,0.9550,41.88,40.00,15.8,0.0000,timeout-flat,Will the highest temperature in Sao Paulo be 28°C on April 18?
0x2cbe9de8a081770c5785807535b054e03c08dcff3c8e6a03a9770b90e7116a42,NO,Sao Paulo,1776527579,0.9600,1776527711,0.9990,41.67,40.00,2.2,1.6250,target-hit,Will the highest temperature in Sao Paulo be 28°C on April 18?
0x1fa4f033f60444c77b5eb91ccc7e8c339edf2277ef0fea1186299f80bf82861f,NO,Sao Paulo,1776531528,0.9950,1776531893,0.9990,40.20,40.00,6.1,0.1608,target-hit,Will the highest temperature in Sao Paulo be 29°C on April 18?
0x455de2b8f678119b2dabbbd7e3ec412af3a370f22b730e4cc445d470b159c5a0,NO,Lagos,1776532185,0.9910,1776533115,0.9910,40.36,40.00,15.5,0.0000,timeout-flat,Will the highest temperature in Lagos be 32°C on April 18?
0x0543e963c8867a2cce6110329422f7b55f8da46efbdaed38ce0f369281aa3b1c,NO,Toronto,1776534997,0.9950,1776535192,0.9990,40.20,40.00,3.3,0.1608,target-hit,Will the highest temperature in Toronto be 19°C on April 18?
0xce895928e1cd9adbec9a149c4b8f8b1c038fa7e41681cbf6f0902f4a30524801,NO,Lagos,1776534411,0.9940,1776535317,0.9940,40.24,40.00,15.1,0.0000,timeout-flat,Will the highest temperature in Lagos be 31°C on April 18?
0xce895928e1cd9adbec9a149c4b8f8b1c038fa7e41681cbf6f0902f4a30524801,NO,Lagos,1776535370,0.9980,1776536024,0.9990,40.08,40.00,10.9,0.0401,target-hit,Will the highest temperature in Lagos be 31°C on April 18?
0x01789182548480d3d373b64f6f369ac01c4f82acd19158541170b48a63923df1,NO,Denver,1776546965,0.9750,1776547873,0.9750,41.03,40.00,15.1,0.0000,timeout-flat,Will the highest temperature in Denver be between 52-53°F on April 18?
0x01789182548480d3d373b64f6f369ac01c4f82acd19158541170b48a63923df1,NO,Denver,1776547925,0.9885,1776548878,0.9885,40.47,40.00,15.9,0.0000,timeout-flat,Will the highest temperature in Denver be between 52-53°F on April 18?
0x01789182548480d3d373b64f6f369ac01c4f82acd19158541170b48a63923df1,NO,Denver,1776548931,0.9515,1776549889,0.9515,42.04,40.00,16.0,0.0000,timeout-flat,Will the highest temperature in Denver be between 52-53°F on April 18?
0x01789182548480d3d373b64f6f369ac01c4f82acd19158541170b48a63923df1,NO,Denver,1776549945,0.9795,1776550014,0.9990,40.84,40.00,1.1,0.7963,target-hit,Will the highest temperature in Denver be between 52-53°F on April 18?
0xf65e7110d44563053d799e286cf22d13fcf15b3c2cd1164361f234623cd68ac4,NO,Denver,1776553608,0.9950,1776553727,0.9990,40.20,40.00,2.0,0.1608,target-hit,Will the highest temperature in Denver be between 54-55°F on April 18?
0xd9da380c4f31b289e5577002424ef8db9677058fb9a9628d9cad32353e4e8c62,NO,Busan,1776558945,0.9500,1776559853,0.9500,42.11,40.00,15.1,0.0000,timeout-flat,Will the highest temperature in Busan be 21°C on April 19?
0xd9da380c4f31b289e5577002424ef8db9677058fb9a9628d9cad32353e4e8c62,NO,Busan,1776559912,0.9750,1776560756,0.9990,41.03,40.00,14.1,0.9846,target-hit,Will the highest temperature in Busan be 21°C on April 19?
0xf5cc0184abf72bd7257e0a5401e162ff6aded0c30bf229a89e678dc382b86e57,NO,Busan,1776560505,0.9750,1776560803,0.9990,41.03,40.00,5.0,0.9846,target-hit,Will the highest temperature in Busan be 22°C on April 19?
0x2f106f4ea0242134981eaa34bbb82ce249a67ad091c9ef51b088682b78b81578,NO,Taipei,1776560986,0.9785,1776561901,0.9785,40.88,40.00,15.3,0.0000,timeout-flat,Will the highest temperature in Taipei be 26°C on April 19?
0x2f106f4ea0242134981eaa34bbb82ce249a67ad091c9ef51b088682b78b81578,NO,Taipei,1776562066,0.9800,1776562969,0.9800,40.82,40.00,15.1,0.0000,timeout-flat,Will the highest temperature in Taipei be 26°C on April 19?
0xa3815b2d5d5b3c4fb9a87f2761d42251d631a699bfccec57bb9bf2084d5cc48c,NO,Taipei,1776562600,0.9550,1776563500,0.9550,41.88,40.00,15.0,0.0000,timeout-flat,Will the highest temperature in Taipei be 27°C on April 19?
0xa3815b2d5d5b3c4fb9a87f2761d42251d631a699bfccec57bb9bf2084d5cc48c,NO,Taipei,1776563500,0.9600,1776564458,0.9600,41.67,40.00,16.0,0.0000,timeout-flat,Will the highest temperature in Taipei be 27°C on April 19?
0xf6e71adfad669bf9f910939b8678700347d3ef652182ca287e152c4b253a2147,NO,Guangzhou,1776572200,0.9600,1776573104,0.9600,41.67,40.00,15.1,0.0000,timeout-flat,Will the highest temperature in Guangzhou be 31°C on April 19?
0xf6e71adfad669bf9f910939b8678700347d3ef652182ca287e152c4b253a2147,NO,Guangzhou,1776573583,0.9815,1776574542,0.9815,40.75,40.00,16.0,0.0000,timeout-flat,Will the highest temperature in Guangzhou be 31°C on April 19?
0x71700f1c2a4b89cf553d1822f01bfc229062591044232ab91b13379a527ce98f,NO,Atlanta,1776574543,0.9950,1776574722,0.9990,40.20,40.00,3.0,0.1608,target-hit,Will the highest temperature in Atlanta be between 68-69°F on April 19?
0x8363220033355728093b85b4964e4aa75fad9726ae1e758ed4e9108b4723441b,NO,Jeddah,1776585726,0.9950,1776585948,0.9990,40.20,40.00,3.7,0.1608,target-hit,Will the highest temperature in Jeddah be 36°C on April 19?
0xeb6afd3111e4cf785e53629a8ccbe1539e2c82da69a8853c544b6bd200fbb550,NO,Lucknow,1776589328,0.9600,1776589607,0.9990,41.67,40.00,4.7,1.6250,target-hit,Will the highest temperature in Lucknow be 41°C on April 19?
0x4ca2c1cfbbbc64e5f707ccd46ca40651c265b6c4f8ffcb73ef7f3aa764635c8f,NO,Amsterdam,1776589377,0.9500,1776590324,0.9500,42.11,40.00,15.8,0.0000,timeout-flat,Will the highest temperature in Amsterdam be 12°C on April 19?
0x4ca2c1cfbbbc64e5f707ccd46ca40651c265b6c4f8ffcb73ef7f3aa764635c8f,NO,Amsterdam,1776592364,0.9960,1776592726,0.9990,40.16,40.00,6.0,0.1205,target-hit,Will the highest temperature in Amsterdam be 12°C on April 19?
0xd1a5d084e61642fc89f472c5630c86042587a9b18ca1de58540ca86712197083,NO,Jeddah,1776598486,0.9940,1776598844,0.9990,40.24,40.00,6.0,0.2012,target-hit,Will the highest temperature in Jeddah be 37°C on April 19?
0x73da5f7b70d64b846c4afbba1efce1c9cd13e5709239eabb3806060869366277,NO,Lagos,1776601066,0.9530,1776601968,0.9530,41.97,40.00,15.0,0.0000,timeout-flat,Will the highest temperature in Lagos be 31°C on April 19?
0x73da5f7b70d64b846c4afbba1efce1c9cd13e5709239eabb3806060869366277,NO,Lagos,1776603718,0.9565,1776604305,0.9990,41.82,40.00,9.8,1.7773,target-hit,Will the highest temperature in Lagos be 31°C on April 19?
0x682b3f760a0420f13ae792bd0c193f547436a87846d06aacac6b76862f87aaee,NO,Paris,1776603711,0.9520,1776604619,0.9520,42.02,40.00,15.1,0.0000,timeout-flat,Will the highest temperature in Paris be 16°C on April 19?
0x682b3f760a0420f13ae792bd0c193f547436a87846d06aacac6b76862f87aaee,NO,Paris,1776605382,0.9690,1776605620,0.9990,41.28,40.00,4.0,1.2384,target-hit,Will the highest temperature in Paris be 16°C on April 19?
0xff475bf23f2b2720655fe7b4722e88a3f8ee779726d1ca95ae4010faeacaa7a6,NO,Buenos Aires,1776607421,0.9650,1776608324,0.9650,41.45,40.00,15.1,0.0000,timeout-flat,Will the highest temperature in Buenos Aires be 24°C on April 19?
0xff475bf23f2b2720655fe7b4722e88a3f8ee779726d1ca95ae4010faeacaa7a6,NO,Buenos Aires,1776608447,0.9845,1776609348,0.9845,40.63,40.00,15.0,0.0000,timeout-flat,Will the highest temperature in Buenos Aires be 24°C on April 19?
0xff475bf23f2b2720655fe7b4722e88a3f8ee779726d1ca95ae4010faeacaa7a6,NO,Buenos Aires,1776609405,0.9850,1776610310,0.9850,40.61,40.00,15.1,0.0000,timeout-flat,Will the highest temperature in Buenos Aires be 24°C on April 19?
0x2b03fb26f5b494e8e7a1abf2c744cfc6c7988e778e5808dc47b60219dc0d045a,NO,Buenos Aires,1776610974,0.9950,1776611271,0.9990,40.20,40.00,5.0,0.1608,target-hit,Will the highest temperature in Buenos Aires be 25°C on April 19?
0x8b664c5e8c757dc3b5597c8cfb0e8de30c40456a5717d6d4bdc4cd9422732196,NO,Chengdu,1776613304,0.9600,1776614207,0.9600,41.67,40.00,15.1,0.0000,timeout-flat,Will the highest temperature in Chengdu be 21°C on April 20?
0x8b664c5e8c757dc3b5597c8cfb0e8de30c40456a5717d6d4bdc4cd9422732196,NO,Chengdu,1776614472,0.9850,1776614813,0.9990,40.61,40.00,5.7,0.5685,target-hit,Will the highest temperature in Chengdu be 21°C on April 20?
0x290169cef8f8d8edf8a3ddff492770fae8008d607d6153c4b450bd17ba71f28e,NO,Denver,1776632804,0.9950,1776632927,0.9990,40.20,40.00,2.0,0.1608,target-hit,Will the highest temperature in Denver be between 68-69°F on April 19?
0x00f28b11f287487fe03d796c8a9105cc7b16be835e530cdc82b5c422320a76a5,NO,Taipei,1776645400,0.9790,1776646302,0.9790,40.86,40.00,15.0,0.0000,timeout-flat,Will the highest temperature in Taipei be 29°C on April 20?
0x00f28b11f287487fe03d796c8a9105cc7b16be835e530cdc82b5c422320a76a5,NO,Taipei,1776647260,0.9930,1776648222,0.9930,40.28,40.00,16.0,0.0000,timeout-flat,Will the highest temperature in Taipei be 29°C on April 20?
0x26054f8f9dd759ebc2c657427a1306e17d668dedf505f09ff5b84697ed4d9137,NO,Taipei,1776650200,0.9500,1776650860,0.9990,42.11,40.00,11.0,2.0632,target-hit,Will the highest temperature in Taipei be 30°C on April 20?
0x8dc097c578993a3fe978efea2901022c63b671a86b58149c22f69df04625a69d,NO,Shenzhen,1776658181,0.9950,1776658720,0.9990,40.20,40.00,9.0,0.1608,target-hit,Will the highest temperature in Shenzhen be 29°C on April 20?
0x8dc097c578993a3fe978efea2901022c63b671a86b58149c22f69df04625a69d,NO,Shenzhen,1776659198,0.9960,1776660156,0.9960,40.16,40.00,16.0,0.0000,timeout-flat,Will the highest temperature in Shenzhen be 29°C on April 20?
0xf77a758015271f98edc4d1a8a3142cea3bdae34c921a13bfe78e37c579c85c08,NO,Beijing,1776664619,0.9550,1776665279,0.9990,41.88,40.00,11.0,1.8429,target-hit,Will the highest temperature in Beijing be 22°C on April 20?
0x91d2337116cfecd9c9486dbe408a6d97132efabd0787ccbf3c543490dbbfaf11,NO,Beijing,1776670314,0.9950,1776670614,0.9990,40.20,40.00,5.0,0.1608,target-hit,Will the highest temperature in Beijing be 23°C on April 20?
0x1735d39497d7e3f7e125eedee780fa8df177bcf54f7c7b0129d003d7411327f9,NO,Cape Town,1776677865,0.9950,1776678062,0.9990,40.20,40.00,3.3,0.1608,target-hit,Will the highest temperature in Cape Town be 16°C on April 20?
0x2f5a672899ef014586e11dd1167b1746eb9b4f95f3d425dd952c11d9152fed97,NO,Warsaw,1776684765,0.9965,1776684827,0.9990,40.14,40.00,1.0,0.1004,target-hit,Will the highest temperature in Warsaw be 12°C on April 20?
0x160b7c466beb95e5343dc6cce6935154a9f111b45cedd5357a48ea1d82ccd010,NO,Houston,1776704200,0.9950,1776704382,0.9990,40.20,40.00,3.0,0.1608,target-hit,Will the highest temperature in Houston be between 68-69°F on April 20?
0x7e27632e048b65fb6279dd8dc2f1736d9a44da0a08ef0f29c9390f88e3b4a065,NO,Toronto,1776722517,0.9950,1776722927,0.9990,40.20,40.00,6.8,0.1608,target-hit,Will the highest temperature in Toronto be 4°C on April 20?
0xa1701af12ae740a949cef8dd4b78a1cd20fec05920e38bb9e9250b79778f1447,NO,Jeddah,1776762113,0.9950,1776762460,0.9990,40.20,40.00,5.8,0.1608,target-hit,Will the highest temperature in Jeddah be 33°C on April 21?
