conditionId,side,openTs,walletEntry,walletExit,walletHoldMin,shares,actualPnl,simStatus,simExit,simHoldMin,simPnl,gap,title
0x1b23c4b0726061e2442eafff34d7fa6cdc9d92fbc07d7db0a38a6372fc310b95,NO,1776650896,0.9980,0.9990,0.2,270.00,0.2700,target-hit,0.9990,2.6,0.2700,-0.0000,Will the highest temperature in Kuala Lumpur be 30°C on April 20?
0x436c85982735f406d138080452b3c021b09c14a3daba086e67e0a252b9ef0135,NO,1776664822,0.9976,0.9990,0.1,40.00,0.0548,no-samples-in-window,0.9976,5.0,0.0000,-0.0548,Will the highest temperature in Jeddah be 32°C on April 20?
0x436c85982735f406d138080452b3c021b09c14a3daba086e67e0a252b9ef0135,NO,1776664822,0.9976,0.9990,0.1,40.00,0.0548,no-samples-in-window,0.9976,5.0,0.0000,-0.0548,Will the highest temperature in Jeddah be 32°C on April 20?
0x436c85982735f406d138080452b3c021b09c14a3daba086e67e0a252b9ef0135,NO,1776664822,0.9976,0.9990,0.1,40.00,0.0548,no-samples-in-window,0.9976,5.0,0.0000,-0.0548,Will the highest temperature in Jeddah be 32°C on April 20?
0x436c85982735f406d138080452b3c021b09c14a3daba086e67e0a252b9ef0135,NO,1776664822,0.9976,0.9990,0.1,40.00,0.0548,no-samples-in-window,0.9976,5.0,0.0000,-0.0548,Will the highest temperature in Jeddah be 32°C on April 20?
0x436c85982735f406d138080452b3c021b09c14a3daba086e67e0a252b9ef0135,NO,1776664822,0.9976,0.9990,0.1,40.00,0.0548,no-samples-in-window,0.9976,5.0,0.0000,-0.0548,Will the highest temperature in Jeddah be 32°C on April 20?
0x436c85982735f406d138080452b3c021b09c14a3daba086e67e0a252b9ef0135,NO,1776664822,0.9976,0.9990,0.1,40.00,0.0548,no-samples-in-window,0.9976,5.0,0.0000,-0.0548,Will the highest temperature in Jeddah be 32°C on April 20?
0x436c85982735f406d138080452b3c021b09c14a3daba086e67e0a252b9ef0135,NO,1776664822,0.9976,0.9990,0.1,40.00,0.0548,no-samples-in-window,0.9976,5.0,0.0000,-0.0548,Will the highest temperature in Jeddah be 32°C on April 20?
0x436c85982735f406d138080452b3c021b09c14a3daba086e67e0a252b9ef0135,NO,1776664822,0.9976,0.9990,0.1,40.00,0.0548,no-samples-in-window,0.9976,5.0,0.0000,-0.0548,Will the highest temperature in Jeddah be 32°C on April 20?
0x436c85982735f406d138080452b3c021b09c14a3daba086e67e0a252b9ef0135,NO,1776664822,0.9976,0.9990,0.1,1.61,0.0022,no-samples-in-window,0.9976,5.0,0.0000,-0.0022,Will the highest temperature in Jeddah be 32°C on April 20?
0x436c85982735f406d138080452b3c021b09c14a3daba086e67e0a252b9ef0135,NO,1776664822,0.9976,0.9990,0.1,40.00,0.0548,no-samples-in-window,0.9976,5.0,0.0000,-0.0548,Will the highest temperature in Jeddah be 32°C on April 20?
0x436c85982735f406d138080452b3c021b09c14a3daba086e67e0a252b9ef0135,NO,1776664822,0.9976,0.9990,0.1,18.39,0.0252,no-samples-in-window,0.9976,5.0,0.0000,-0.0252,Will the highest temperature in Jeddah be 32°C on April 20?
0x436c85982735f406d138080452b3c021b09c14a3daba086e67e0a252b9ef0135,NO,1776664822,0.9976,0.9990,0.1,40.00,0.0548,no-samples-in-window,0.9976,5.0,0.0000,-0.0548,Will the highest temperature in Jeddah be 32°C on April 20?
0x06890be6a81b9a4e68b74d9064dfc803c09f14eea0c092c31adb995813b2d55c,NO,1776668724,0.9900,0.9990,2.7,520.00,4.6800,timeout-liquidate,0.9400,0.3,-26.0000,-30.6800,Will the highest temperature in Jakarta be 33°C on April 20?
0x05648a89c05f33a76d08861d73583b0657c678dac090beb60310ed51b0f93619,NO,1776677022,0.9977,0.9990,3.7,160.00,0.2154,timeout-liquidate,0.9980,2.0,0.0554,-0.1600,Will the highest temperature in Amsterdam be 9°C on April 20?
0x1d1258a90b20b3bcf42a35864878f0429cbe7ad90be9dd5530d053da6f2aafe4,NO,1776677794,0.9970,0.9990,0.5,380.00,0.7458,target-hit,0.9990,4.4,0.7458,-0.0000,Will the highest temperature in Cape Town be 15°C on April 20?
0x0a7901f51d2e9287b84c2f14236cc697a3b0ec089c138d9dac988adcf3082703,NO,1776686664,0.9980,0.9990,0.4,140.00,0.1400,target-hit,0.9990,1.5,0.1400,-0.0000,Will the highest temperature in Wellington be 9°C on April 21?
0x3d6d0edc81872db8180de70eed930670780eacdf58ae330b0ff7151f45976be6,NO,1776687882,0.9980,0.9990,0.4,70.00,0.0700,no-samples-in-window,0.9980,5.0,0.0000,-0.0700,Will the highest temperature in Amsterdam be 10°C on April 20?
0xf01b17304eee72f25564a56379448d990699bf3d953229f901a9ef017d0fd55d,NO,1776687932,0.9940,0.9990,0.4,270.00,1.3502,no-samples-in-window,0.9940,5.0,0.0000,-1.3502,Will the highest temperature in Milan be 20°C on April 20?
0x47ce347abbb25bdeb2e93afdb36f8395c6a3277c0a6df1f4bd97cbb592ae321f,YES,1776687932,0.9915,0.9990,0.4,450.00,3.3560,no-samples-in-window,0.9915,5.0,0.0000,-3.3560,Will the highest temperature in Milan be 21°C or higher on April 20?
0x9ac5da05bfa0b181b31d78850bb17446223ae8ee3444a59f28e56e116d4cc106,NO,1776702350,0.9959,0.9990,0.4,10.00,0.0306,no-samples-in-window,0.9959,5.0,0.0000,-0.0306,Will the highest temperature in Panama City be 30°C on April 20?
0x451a8721316276c97eed903f8804688316f69c4657f2b41e4a1a5cc1ffd24a7d,NO,1776702348,0.9978,0.9990,0.5,100.00,0.1247,target-hit,0.9990,5.0,0.1247,-0.0000,Will the highest temperature in Wuhan be 14°C on April 21?
0x45ef92e3b60ac7353c2be59280c5d2f330e7c226d4a7fd0ef5307353dac762ea,NO,1776702348,0.9875,0.9990,0.6,100.00,1.1526,no-samples-in-window,0.9875,5.0,0.0000,-1.1526,Will the highest temperature in Chongqing be 16°C on April 21?
0x451a8721316276c97eed903f8804688316f69c4657f2b41e4a1a5cc1ffd24a7d,NO,1776702348,0.9978,0.9990,0.7,39.99,0.0499,target-hit,0.9990,5.0,0.0499,0.0000,Will the highest temperature in Wuhan be 14°C on April 21?
0x45ef92e3b60ac7353c2be59280c5d2f330e7c226d4a7fd0ef5307353dac762ea,NO,1776702348,0.9875,0.9990,0.7,100.00,1.1526,no-samples-in-window,0.9875,5.0,0.0000,-1.1526,Will the highest temperature in Chongqing be 16°C on April 21?
0x45ef92e3b60ac7353c2be59280c5d2f330e7c226d4a7fd0ef5307353dac762ea,NO,1776702348,0.9875,0.9990,1.4,100.00,1.1526,no-samples-in-window,0.9875,5.0,0.0000,-1.1526,Will the highest temperature in Chongqing be 16°C on April 21?
0x45ef92e3b60ac7353c2be59280c5d2f330e7c226d4a7fd0ef5307353dac762ea,NO,1776702348,0.9875,0.9990,1.4,400.00,4.6105,no-samples-in-window,0.9875,5.0,0.0000,-4.6105,Will the highest temperature in Chongqing be 16°C on April 21?
0x45ef92e3b60ac7353c2be59280c5d2f330e7c226d4a7fd0ef5307353dac762ea,NO,1776702348,0.9875,0.9990,1.5,1130.00,13.0246,no-samples-in-window,0.9875,5.0,0.0000,-13.0246,Will the highest temperature in Chongqing be 16°C on April 21?
0xd8eccc515129bbcfa96734f734bc653211e0d333cfa9c4b9e67f48dc3e312ca9,YES,1776702348,0.9896,0.9990,2.8,40.00,0.3761,no-samples-in-window,0.9896,5.0,0.0000,-0.3761,Will the highest temperature in Panama City be 31°C or higher on April 20?
0xdc5369beb48ed409a27f2d90d56ea18a39ee878a042e233174ca1e09aa1d07e6,NO,1776702348,0.9811,0.9990,3.3,2422.50,43.3936,no-samples-in-window,0.9811,5.0,0.0000,-43.3936,Will the highest temperature in Miami be between 82-83°F on April 20?
0xdc5369beb48ed409a27f2d90d56ea18a39ee878a042e233174ca1e09aa1d07e6,NO,1776702348,0.9811,0.9990,3.4,1.12,0.0201,no-samples-in-window,0.9811,5.0,0.0000,-0.0201,Will the highest temperature in Miami be between 82-83°F on April 20?
0x159d92c484e061da0f1585e6936b77a6ad118eaa64ee1c3f838288d5741b98cf,NO,1776702348,0.9934,0.9990,3.6,1010.00,5.6168,no-samples-in-window,0.9934,5.0,0.0000,-5.6168,Will the highest temperature in Chongqing be 15°C on April 21?
0x45ef92e3b60ac7353c2be59280c5d2f330e7c226d4a7fd0ef5307353dac762ea,NO,1776702348,0.9875,0.9990,4.0,40.00,0.4610,no-samples-in-window,0.9875,5.0,0.0000,-0.4610,Will the highest temperature in Chongqing be 16°C on April 21?
0xdc5369beb48ed409a27f2d90d56ea18a39ee878a042e233174ca1e09aa1d07e6,NO,1776702348,0.9811,0.9990,4.8,1.00,0.0179,no-samples-in-window,0.9811,5.0,0.0000,-0.0179,Will the highest temperature in Miami be between 82-83°F on April 20?
0xdc5369beb48ed409a27f2d90d56ea18a39ee878a042e233174ca1e09aa1d07e6,NO,1776702348,0.9811,0.9990,5.1,10.00,0.1791,no-samples-in-window,0.9811,5.0,0.0000,-0.1791,Will the highest temperature in Miami be between 82-83°F on April 20?
0xdc5369beb48ed409a27f2d90d56ea18a39ee878a042e233174ca1e09aa1d07e6,NO,1776702348,0.9811,0.9990,6.6,5.04,0.0903,no-samples-in-window,0.9811,5.0,0.0000,-0.0903,Will the highest temperature in Miami be between 82-83°F on April 20?
0xdc5369beb48ed409a27f2d90d56ea18a39ee878a042e233174ca1e09aa1d07e6,NO,1776702348,0.9811,0.9990,6.7,5.04,0.0903,no-samples-in-window,0.9811,5.0,0.0000,-0.0903,Will the highest temperature in Miami be between 82-83°F on April 20?
0xdc5369beb48ed409a27f2d90d56ea18a39ee878a042e233174ca1e09aa1d07e6,NO,1776702348,0.9811,0.9990,7.9,0.91,0.0163,no-samples-in-window,0.9811,5.0,0.0000,-0.0163,Will the highest temperature in Miami be between 82-83°F on April 20?
0xdc5369beb48ed409a27f2d90d56ea18a39ee878a042e233174ca1e09aa1d07e6,NO,1776702348,0.9811,0.9990,8.0,1.51,0.0270,no-samples-in-window,0.9811,5.0,0.0000,-0.0270,Will the highest temperature in Miami be between 82-83°F on April 20?
0xdc5369beb48ed409a27f2d90d56ea18a39ee878a042e233174ca1e09aa1d07e6,NO,1776702348,0.9811,0.9990,8.1,3.51,0.0629,no-samples-in-window,0.9811,5.0,0.0000,-0.0629,Will the highest temperature in Miami be between 82-83°F on April 20?
0xdc5369beb48ed409a27f2d90d56ea18a39ee878a042e233174ca1e09aa1d07e6,NO,1776702348,0.9811,0.9990,8.2,5.04,0.0903,no-samples-in-window,0.9811,5.0,0.0000,-0.0903,Will the highest temperature in Miami be between 82-83°F on April 20?
0xdc5369beb48ed409a27f2d90d56ea18a39ee878a042e233174ca1e09aa1d07e6,NO,1776702348,0.9811,0.9990,8.4,4.92,0.0881,no-samples-in-window,0.9811,5.0,0.0000,-0.0881,Will the highest temperature in Miami be between 82-83°F on April 20?
0xdc5369beb48ed409a27f2d90d56ea18a39ee878a042e233174ca1e09aa1d07e6,NO,1776702348,0.9811,0.9990,9.9,5.04,0.0903,no-samples-in-window,0.9811,5.0,0.0000,-0.0903,Will the highest temperature in Miami be between 82-83°F on April 20?
0xdc5369beb48ed409a27f2d90d56ea18a39ee878a042e233174ca1e09aa1d07e6,NO,1776702348,0.9811,0.9990,10.2,5.00,0.0896,no-samples-in-window,0.9811,5.0,0.0000,-0.0896,Will the highest temperature in Miami be between 82-83°F on April 20?
0xdc5369beb48ed409a27f2d90d56ea18a39ee878a042e233174ca1e09aa1d07e6,NO,1776702348,0.9811,0.9990,10.3,5.04,0.0903,no-samples-in-window,0.9811,5.0,0.0000,-0.0903,Will the highest temperature in Miami be between 82-83°F on April 20?
0xdc5369beb48ed409a27f2d90d56ea18a39ee878a042e233174ca1e09aa1d07e6,NO,1776702348,0.9811,0.9990,10.4,5.04,0.0903,no-samples-in-window,0.9811,5.0,0.0000,-0.0903,Will the highest temperature in Miami be between 82-83°F on April 20?
0xdc5369beb48ed409a27f2d90d56ea18a39ee878a042e233174ca1e09aa1d07e6,NO,1776702348,0.9811,0.9990,10.5,5.04,0.0903,no-samples-in-window,0.9811,5.0,0.0000,-0.0903,Will the highest temperature in Miami be between 82-83°F on April 20?
0xdc5369beb48ed409a27f2d90d56ea18a39ee878a042e233174ca1e09aa1d07e6,NO,1776702348,0.9811,0.9990,10.8,5.04,0.0903,no-samples-in-window,0.9811,5.0,0.0000,-0.0903,Will the highest temperature in Miami be between 82-83°F on April 20?
0xdc5369beb48ed409a27f2d90d56ea18a39ee878a042e233174ca1e09aa1d07e6,NO,1776702348,0.9811,0.9990,11.0,1.00,0.0179,no-samples-in-window,0.9811,5.0,0.0000,-0.0179,Will the highest temperature in Miami be between 82-83°F on April 20?
0xdc5369beb48ed409a27f2d90d56ea18a39ee878a042e233174ca1e09aa1d07e6,NO,1776702348,0.9811,0.9990,11.3,4.98,0.0892,no-samples-in-window,0.9811,5.0,0.0000,-0.0892,Will the highest temperature in Miami be between 82-83°F on April 20?
0xdc5369beb48ed409a27f2d90d56ea18a39ee878a042e233174ca1e09aa1d07e6,NO,1776702348,0.9811,0.9990,11.3,5.04,0.0903,no-samples-in-window,0.9811,5.0,0.0000,-0.0903,Will the highest temperature in Miami be between 82-83°F on April 20?
0xdc5369beb48ed409a27f2d90d56ea18a39ee878a042e233174ca1e09aa1d07e6,NO,1776702348,0.9811,0.9990,11.5,5.04,0.0903,no-samples-in-window,0.9811,5.0,0.0000,-0.0903,Will the highest temperature in Miami be between 82-83°F on April 20?
0xdc5369beb48ed409a27f2d90d56ea18a39ee878a042e233174ca1e09aa1d07e6,NO,1776702348,0.9811,0.9990,11.6,5.00,0.0896,no-samples-in-window,0.9811,5.0,0.0000,-0.0896,Will the highest temperature in Miami be between 82-83°F on April 20?
0xdc5369beb48ed409a27f2d90d56ea18a39ee878a042e233174ca1e09aa1d07e6,NO,1776702348,0.9811,0.9990,12.6,5.04,0.0903,no-samples-in-window,0.9811,5.0,0.0000,-0.0903,Will the highest temperature in Miami be between 82-83°F on April 20?
0xdc5369beb48ed409a27f2d90d56ea18a39ee878a042e233174ca1e09aa1d07e6,NO,1776702348,0.9811,0.9990,12.7,5.04,0.0903,no-samples-in-window,0.9811,5.0,0.0000,-0.0903,Will the highest temperature in Miami be between 82-83°F on April 20?
0xdc5369beb48ed409a27f2d90d56ea18a39ee878a042e233174ca1e09aa1d07e6,NO,1776702348,0.9811,0.9990,12.8,5.04,0.0903,no-samples-in-window,0.9811,5.0,0.0000,-0.0903,Will the highest temperature in Miami be between 82-83°F on April 20?
0xdc5369beb48ed409a27f2d90d56ea18a39ee878a042e233174ca1e09aa1d07e6,NO,1776702348,0.9811,0.9990,12.8,3.46,0.0620,no-samples-in-window,0.9811,5.0,0.0000,-0.0620,Will the highest temperature in Miami be between 82-83°F on April 20?
0xdc5369beb48ed409a27f2d90d56ea18a39ee878a042e233174ca1e09aa1d07e6,NO,1776702348,0.9811,0.9990,12.8,5.04,0.0903,no-samples-in-window,0.9811,5.0,0.0000,-0.0903,Will the highest temperature in Miami be between 82-83°F on April 20?
0xdc5369beb48ed409a27f2d90d56ea18a39ee878a042e233174ca1e09aa1d07e6,NO,1776702348,0.9811,0.9990,12.9,5.04,0.0903,no-samples-in-window,0.9811,5.0,0.0000,-0.0903,Will the highest temperature in Miami be between 82-83°F on April 20?
0xdc5369beb48ed409a27f2d90d56ea18a39ee878a042e233174ca1e09aa1d07e6,NO,1776702348,0.9811,0.9990,12.9,1.23,0.0220,no-samples-in-window,0.9811,5.0,0.0000,-0.0220,Will the highest temperature in Miami be between 82-83°F on April 20?
0xdc5369beb48ed409a27f2d90d56ea18a39ee878a042e233174ca1e09aa1d07e6,NO,1776702348,0.9811,0.9990,13.2,10.00,0.1791,no-samples-in-window,0.9811,5.0,0.0000,-0.1791,Will the highest temperature in Miami be between 82-83°F on April 20?
0xdc5369beb48ed409a27f2d90d56ea18a39ee878a042e233174ca1e09aa1d07e6,NO,1776702348,0.9811,0.9990,13.2,20.00,0.3583,no-samples-in-window,0.9811,5.0,0.0000,-0.3583,Will the highest temperature in Miami be between 82-83°F on April 20?
0xdc5369beb48ed409a27f2d90d56ea18a39ee878a042e233174ca1e09aa1d07e6,NO,1776702348,0.9811,0.9990,13.6,148.24,2.6554,no-samples-in-window,0.9811,5.0,0.0000,-2.6554,Will the highest temperature in Miami be between 82-83°F on April 20?
0xea427be54a350703774700b2b9b19957fdfd542420abb1563bb954e197123590,NO,1776726124,0.9980,0.9990,7.5,40.00,0.0400,timeout-liquidate,0.9970,3.7,-0.0400,-0.0800,Will the highest temperature in Taipei be 24°C on April 21?
0xea427be54a350703774700b2b9b19957fdfd542420abb1563bb954e197123590,NO,1776726124,0.9980,0.9990,7.5,6.89,0.0069,timeout-liquidate,0.9970,3.7,-0.0069,-0.0138,Will the highest temperature in Taipei be 24°C on April 21?
0xea427be54a350703774700b2b9b19957fdfd542420abb1563bb954e197123590,NO,1776726124,0.9980,0.9990,7.5,40.00,0.0400,timeout-liquidate,0.9970,3.7,-0.0400,-0.0800,Will the highest temperature in Taipei be 24°C on April 21?
0xea427be54a350703774700b2b9b19957fdfd542420abb1563bb954e197123590,NO,1776726124,0.9980,0.9990,7.5,40.00,0.0400,timeout-liquidate,0.9970,3.7,-0.0400,-0.0800,Will the highest temperature in Taipei be 24°C on April 21?
0xea427be54a350703774700b2b9b19957fdfd542420abb1563bb954e197123590,NO,1776726124,0.9980,0.9990,7.5,40.00,0.0400,timeout-liquidate,0.9970,3.7,-0.0400,-0.0800,Will the highest temperature in Taipei be 24°C on April 21?
0xea427be54a350703774700b2b9b19957fdfd542420abb1563bb954e197123590,NO,1776726124,0.9980,0.9990,7.5,13.11,0.0131,timeout-liquidate,0.9970,3.7,-0.0131,-0.0262,Will the highest temperature in Taipei be 24°C on April 21?
0x34093e2fe7e704fc237ca2ac3a40ee2294393d3679ad6d966b2e22203246e1e9,NO,1776731724,0.9980,0.9990,0.5,960.00,0.9600,timeout-liquidate,0.9970,0.5,-0.9600,-1.9200,Will the highest temperature in Guangzhou be 26°C or below on April 21?
0x0b76470dccfc201034731644538ca8f8361f74c18d2bf65d29ca0584e4dd11d9,NO,1776731528,0.9979,0.9990,4.6,62.88,0.0669,timeout-liquidate,0.9985,3.7,0.0354,-0.0314,Will the highest temperature in Taipei be 26°C on April 21?
0x0b76470dccfc201034731644538ca8f8361f74c18d2bf65d29ca0584e4dd11d9,NO,1776731528,0.9979,0.9990,4.6,50.00,0.0532,timeout-liquidate,0.9985,3.7,0.0282,-0.0250,Will the highest temperature in Taipei be 26°C on April 21?
0x0b76470dccfc201034731644538ca8f8361f74c18d2bf65d29ca0584e4dd11d9,NO,1776731528,0.9979,0.9990,4.6,127.12,0.1352,timeout-liquidate,0.9985,3.7,0.0717,-0.0636,Will the highest temperature in Taipei be 26°C on April 21?
0x03b53b9ab623970605d6ae8030f9551138726c77a8c73936084000b2a572377e,NO,1776736930,0.9970,0.9990,0.9,5.73,0.0117,timeout-liquidate,0.9930,3.6,-0.0227,-0.0344,Will the highest temperature in Taipei be 28°C on April 21?
0x03b53b9ab623970605d6ae8030f9551138726c77a8c73936084000b2a572377e,NO,1776736930,0.9970,0.9990,0.9,4.26,0.0087,timeout-liquidate,0.9930,3.6,-0.0169,-0.0256,Will the highest temperature in Taipei be 28°C on April 21?
0x6e8da0bfeec82a545991023a2401d2336c6c08df894329c7392f74f34b11fb78,NO,1776737118,0.9980,0.9990,0.1,410.00,0.4100,timeout-liquidate,0.9955,0.4,-1.0250,-1.4350,Will the highest temperature in Guangzhou be 27°C on April 21?
0x03b53b9ab623970605d6ae8030f9551138726c77a8c73936084000b2a572377e,NO,1776736930,0.9957,0.9990,4.5,298.07,0.9698,timeout-liquidate,0.9930,3.6,-0.8186,-1.7884,Will the highest temperature in Taipei be 28°C on April 21?
0x03b53b9ab623970605d6ae8030f9551138726c77a8c73936084000b2a572377e,NO,1776737026,0.9953,0.9990,2.9,1.93,0.0071,timeout-liquidate,0.9930,2.0,-0.0045,-0.0116,Will the highest temperature in Taipei be 28°C on April 21?
0xa360eafc75cf053aaf67eee412f739d91cef7cdca40c456ac2fe8c8e11f93a66,NO,1776783838,0.9952,0.9990,0.4,720.00,2.7177,no-samples-in-window,0.9952,5.0,0.0000,-2.7177,Will the highest temperature in Buenos Aires be 19°C on April 21?
