city,date,icao,kind,winBucket,omMax,metarMax,omRounded,metarRounded,omAgrees,metarAgrees,delta
Karachi,2026-04-20,OPKC,exact,34,31.6,34,32,34,false,true,-2.4
Kuala Lumpur,2026-04-16,WMKK,exact,34,34,34,34,34,true,true,0
Munich,2026-04-18,EDDM,exact,22,19.9,22,20,22,false,true,-2.1
Wuhan,2026-03-25,ZHHH,exact,21,20.5,21,21,21,true,true,-0.5
Madrid,2026-04-20,LEMD,exact,28,27.8,28,28,28,true,true,-0.2
Toronto,2026-04-14,CYYZ,exact,23,21.4,23,21,23,false,true,-1.6
Buenos Aires,2026-04-12,SABE,exact,26,25.2,23,25,23,false,false,2.2
Munich,2026-03-28,EDDM,exact,8,7,8,7,8,false,true,-1
Taipei,2026-04-18,RCTP,exact,27,28.9,28,29,28,false,false,0.9
Toronto,2026-04-21,CYYZ,exact,11,14.5,11,15,11,false,true,3.5
Munich,2026-04-15,EDDM,exact,13,16.2,13,16,13,false,true,3.2
Ankara,2026-04-19,LTAC,exact,10,15.3,10,15,10,false,true,5.3
Helsinki,2026-04-21,EFHK,exact,15,14.6,15,15,15,true,true,-0.4
Seoul,2026-03-25,RKSI,exact,13,17.9,13,18,13,false,true,4.9
Taipei,2026-04-20,RCTP,exact,32,29.7,30,30,30,false,false,-0.3
Mexico City,2026-04-17,MMMX,exact,29,30.2,29,30,29,false,true,1.2
Tokyo,2026-03-29,RJTT,exact,21,20.2,21,20,21,false,true,-0.8
Toronto,2026-04-06,CYYZ,exact,5,9.2,5,9,5,false,true,4.2
Tel Aviv,2026-04-14,LLBG,exact,30,34,30,34,30,false,true,4
Jeddah,2026-04-16,OEJN,exact,39,38.8,39,39,39,true,true,-0.2
Seoul,2026-03-29,RKSI,exact,16,18.6,17,19,17,false,false,1.6
Amsterdam,2026-04-15,EHAM,exact,18,18.1,18,18,18,true,true,0.1
Lagos,2026-04-14,DNMM,exact,35,32.2,35,32,35,false,true,-2.8
London,2026-04-02,EGLL,exact,12,15.9,12,16,12,false,true,3.9
Chongqing,2026-04-12,ZUCK,exact,24,24,24,24,24,true,true,0
Busan,2026-04-21,RKPK,exact,21,20.3,21,20,21,false,true,-0.7
Istanbul,2026-04-16,LTFM,exact,12,18.4,12,18,12,false,true,6.4
Munich,2026-03-30,EDDM,exact,7,5.6,7,6,7,false,true,-1.4
Wellington,2026-04-05,NZWN,exact,17,19.7,21,20,21,false,false,-1.3
Moscow,2026-04-11,UUEE,exact,5,10.2,5,10,5,false,true,5.2
Warsaw,2026-04-05,EPWA,exact,20,20.2,20,20,20,true,true,0.2
Singapore,2026-04-19,WSSS,exact,32,33.4,32,33,32,false,true,1.4
Tokyo,2026-03-24,RJTT,exact,16,16.8,16,17,16,false,true,0.8
Chengdu,2026-04-21,ZUUU,exact,21,22,21,22,21,false,true,1
Toronto,2026-03-26,CYYZ,exact,10,9.2,10,9,10,false,true,-0.8
Seoul,2026-03-28,RKSI,exact,12,18.6,12,19,12,false,true,6.6
Helsinki,2026-04-05,EFHK,exact,5,4.5,5,5,5,true,true,-0.5
Busan,2026-04-17,RKPK,exact,19,20.3,19,20,19,false,true,1.3
Buenos Aires,2026-04-21,SABE,exact,23,21.9,23,22,23,false,true,-1.1
Sao Paulo,2026-03-28,SBGR,exact,30,30.8,30,31,30,false,true,0.8
Lucknow,2026-04-20,VILK,exact,42,42,42,42,42,true,true,0
Madrid,2026-04-10,LEMD,exact,28,28.5,28,29,28,false,true,0.5
Tel Aviv,2026-04-13,LLBG,exact,22,27.6,22,28,22,false,true,5.6
Istanbul,2026-04-18,LTFM,exact,14,17.2,14,17,14,false,true,3.2
Amsterdam,2026-04-08,EHAM,exact,15,20.1,20,20,20,false,false,0.1
Amsterdam,2026-04-12,EHAM,exact,15,16.6,15,17,15,false,true,1.6
Madrid,2026-04-19,LEMD,exact,28,27.5,28,28,28,true,true,-0.5
Milan,2026-03-27,LIMC,exact,16,16.8,16,17,16,false,true,0.8
Seoul,2026-04-02,RKSI,exact,14,20.4,14,20,14,false,true,6.4
Cape Town,2026-04-12,FACT,exact,25,26.9,25,27,25,false,true,1.9
Tokyo,2026-04-02,RJTT,exact,16,18,16,18,16,false,true,2
Warsaw,2026-03-27,EPWA,exact,10,14.6,10,15,10,false,true,4.6
Amsterdam,2026-04-19,EHAM,exact,13,14.5,13,15,13,false,true,1.5
London,2026-04-14,EGLL,exact,17,17,16,17,16,true,false,1
Panama City,2026-04-20,MPTO,exact,31,33.8,33,34,33,false,false,0.8
Taipei,2026-04-21,RCTP,exact,30,30,31,30,31,true,false,-1
Wellington,2026-04-18,NZWN,exact,18,16.8,18,17,18,false,true,-1.2
Tokyo,2026-03-28,RJTT,exact,18,20.2,18,20,18,false,true,2.2
Lucknow,2026-04-18,VILK,exact,41,42,41,42,41,false,true,1
Buenos Aires,2026-04-16,SABE,exact,24,24.6,24,25,24,false,true,0.6
Beijing,2026-04-19,ZBAA,exact,23,25.2,23,25,23,false,true,2.2
Busan,2026-04-19,RKPK,exact,25,21.4,25,21,25,false,true,-3.6
Mexico City,2026-03-30,MMMX,exact,20,22.5,20,23,20,false,true,2.5
Wellington,2026-04-06,NZWN,exact,22,19.7,22,20,22,false,true,-2.3
Milan,2026-04-01,LIMC,exact,16,18.2,16,18,16,false,true,2.2
Helsinki,2026-04-20,EFHK,exact,13,14.6,13,15,13,false,true,1.6
Toronto,2026-04-04,CYYZ,exact,7,22,9,22,9,false,false,13
Shenzhen,2026-04-21,ZGSZ,exact,29,29.8,29,30,29,false,true,0.8
Kuala Lumpur,2026-04-12,WMKK,exact,32,34.7,32,35,32,false,true,2.7
Milan,2026-04-12,LIMC,exact,18,21.4,18,21,18,false,true,3.4
Buenos Aires,2026-04-15,SABE,exact,23,24.4,22,24,22,false,false,2.4
Chengdu,2026-04-16,ZUUU,exact,25,25.5,25,26,25,false,true,0.5
Tel Aviv,2026-03-16,LLBG,exact,19,21.3,19,21,19,false,true,2.3
Toronto,2026-04-18,CYYZ,exact,20,19.1,20,19,20,false,true,-0.9
London,2026-04-15,EGLL,exact,17,17.4,16,17,16,true,false,1.4
Buenos Aires,2026-03-23,SABE,exact,27,24.5,25,25,25,false,false,-0.5
Amsterdam,2026-04-20,EHAM,exact,12,12.7,12,13,12,false,true,0.7
Lucknow,2026-04-05,VILK,or_below,≤33,36,29,36,29,false,true,7
Milan,2026-03-24,LIMC,exact,17,17.6,17,18,17,false,true,0.6
Karachi,2026-04-15,OPKC,exact,34,33.3,34,33,34,false,true,-0.7
Amsterdam,2026-04-09,EHAM,exact,20,20.1,20,20,20,true,true,0.1
Tokyo,2026-04-01,RJTT,exact,17,19.2,17,19,17,false,true,2.2
Mexico City,2026-04-21,MMMX,exact,27,26.2,27,26,27,false,true,-0.8
Cape Town,2026-04-17,FACT,exact,16,19.9,16,20,16,false,true,3.9
Seoul,2026-04-04,RKSI,exact,17,20.4,17,20,17,false,true,3.4
Amsterdam,2026-04-03,EHAM,exact,12,15.1,12,15,12,false,true,3.1
Taipei,2026-04-22,RCTP,exact,33,30.7,31,31,31,false,false,-0.3
Tokyo,2026-04-21,RJTT,exact,23,24.8,23,25,23,false,true,1.8
Beijing,2026-04-20,ZBAA,exact,24,25.3,24,25,24,false,true,1.3
Seoul,2026-04-17,RKSI,exact,17,26.4,18,26,18,false,false,8.4
London,2026-04-20,EGLL,exact,13,15.7,14,16,14,false,false,1.7
Tokyo,2026-04-22,RJTT,exact,22,22.6,22,23,22,false,true,0.6
Milan,2026-04-13,LIMC,exact,15,19.1,15,19,15,false,true,4.1
Jakarta,2026-04-20,WIII,exact,34,33.4,33,33,33,false,false,0.4
Wellington,2026-04-20,NZWN,exact,14,16.6,14,17,14,false,true,2.6
Milan,2026-04-21,LIMC,exact,19,22.6,19,23,19,false,true,3.6
Lagos,2026-04-18,DNMM,exact,34,32,34,32,34,false,true,-2
Ankara,2026-04-13,LTAC,exact,12,15.6,12,16,12,false,true,3.6
Lagos,2026-04-12,DNMM,exact,35,32.2,35,32,35,false,true,-2.8
Amsterdam,2026-04-04,EHAM,exact,15,15.1,15,15,15,true,true,0.1
Munich,2026-04-21,EDDM,exact,10,13.5,10,14,10,false,true,3.5
London,2026-03-24,EGLL,exact,13,14.9,13,15,13,false,true,1.9
Moscow,2026-04-21,UUEE,exact,9,12.7,9,13,9,false,true,3.7
Buenos Aires,2026-04-18,SABE,exact,28,27,27,27,27,false,false,0
Jakarta,2026-04-21,WIII,exact,34,33.2,33,33,33,false,false,0.2
Tel Aviv,2026-04-04,LLBG,exact,24,21.6,24,22,24,false,true,-2.4
Mexico City,2026-04-19,MMMX,exact,25,30.2,27,30,27,false,false,3.2
Tokyo,2026-04-06,RJTT,exact,22,23.2,22,23,22,false,true,1.2
Milan,2026-04-17,LIMC,exact,24,25.6,24,26,24,false,true,1.6
Toronto,2026-04-03,CYYZ,exact,9,22,23,22,23,false,false,-1
Paris,2026-04-08,LFPG,exact,24,25.8,24,26,24,false,true,1.8
Seoul,2026-04-19,RKSI,exact,24,29,24,29,24,false,true,5
Guangzhou,2026-04-16,ZGGG,exact,31,31,31,31,31,true,true,0
Panama City,2026-04-11,MPTO,exact,32,33.2,32,33,32,false,true,1.2
Chongqing,2026-04-18,ZUCK,exact,31,30.1,31,30,31,false,true,-0.9
Taipei,2026-04-17,RCTP,exact,30,30.1,27,30,27,true,false,3.1
Kuala Lumpur,2026-04-17,WMKK,exact,32,34,32,34,32,false,true,2
Lagos,2026-04-16,DNMM,exact,31,31.2,31,31,31,true,true,0.2
Panama City,2026-04-17,MPTO,exact,33,33.8,34,34,34,false,false,-0.2
Singapore,2026-04-15,WSSS,exact,32,32.1,32,32,32,true,true,0.1
Milan,2026-04-18,LIMC,exact,25,25.6,25,26,25,false,true,0.6
Helsinki,2026-04-19,EFHK,exact,10,12.2,10,12,10,false,true,2.2
Tokyo,2026-03-30,RJTT,exact,20,20.2,20,20,20,true,true,0.2
Wellington,2026-03-30,NZWN,exact,20,19.9,20,20,20,true,true,-0.1
Singapore,2026-03-25,WSSS,exact,33,34.2,33,34,33,false,true,1.2
Helsinki,2026-04-13,EFHK,exact,12,10.3,12,10,12,false,true,-1.7
Milan,2026-03-25,LIMC,exact,17,17.6,17,18,17,false,true,0.6
Buenos Aires,2026-03-30,SABE,exact,30,30.4,26,30,26,true,false,4.4
Hong Kong,2026-03-28,VHHH,exact,27,26.5,28,27,28,true,false,-1.5
Wellington,2026-04-21,NZWN,exact,12,13.3,12,13,12,false,true,1.3
Warsaw,2026-04-10,EPWA,exact,10,11.6,10,12,10,false,true,1.6
Cape Town,2026-04-20,FACT,exact,17,16.5,17,17,17,true,true,-0.5
Seoul,2026-04-05,RKSI,exact,12,19.4,12,19,12,false,true,7.4
Tel Aviv,2026-03-28,LLBG,exact,24,22.4,24,22,24,false,true,-1.6
Amsterdam,2026-04-11,EHAM,exact,17,16.6,17,17,17,true,true,-0.4
Seoul,2026-03-27,RKSI,exact,13,18.4,13,18,13,false,true,5.4
Jakarta,2026-04-15,WIII,exact,33,32.8,33,33,33,true,true,-0.2
Ankara,2026-04-18,LTAC,exact,14,22,14,22,14,false,true,8
Paris,2026-02-18,LFPG,exact,8,10.8,9,11,9,false,false,1.8
Tokyo,2026-04-03,RJTT,exact,19,18,19,18,19,false,true,-1
Tokyo,2026-04-18,RJTT,exact,21,24.5,21,25,21,false,true,3.5
Shenzhen,2026-04-17,ZGSZ,exact,29,30.3,27,30,27,false,false,3.3
Tel Aviv,2026-04-16,LLBG,exact,36,35.7,36,36,36,true,true,-0.3
Tokyo,2026-04-15,RJTT,exact,22,23.5,22,24,22,false,true,1.5
Shanghai,2026-04-19,ZSPD,exact,21,22,21,22,21,false,true,1
Amsterdam,2026-04-18,EHAM,exact,14,18.3,14,18,14,false,true,4.3
Sao Paulo,2026-04-20,SBGR,exact,26,28.6,26,29,26,false,true,2.6
Amsterdam,2026-04-05,EHAM,exact,15,15.1,15,15,15,true,true,0.1
Wellington,2026-03-12,NZWN,exact,21,22.1,22,22,22,false,false,0.1
Singapore,2026-04-14,WSSS,exact,33,31.7,34,32,34,false,false,-2.3
Jeddah,2026-04-20,OEJN,exact,33,36,33,36,33,false,true,3
Kuala Lumpur,2026-04-18,WMKK,exact,32,32.8,32,33,32,false,true,0.8
Munich,2026-04-19,EDDM,exact,17,19.9,17,20,17,false,true,2.9
Munich,2026-04-20,EDDM,exact,14,15.8,14,16,14,false,true,1.8
Jakarta,2026-04-13,WIII,exact,34,33.2,33,33,33,false,false,0.2
Tokyo,2026-04-20,RJTT,exact,22,24.8,22,25,22,false,true,2.8
Taipei,2026-04-19,RCTP,exact,28,29.7,27,30,27,false,false,2.7
Milan,2026-04-14,LIMC,exact,19,20.7,19,21,19,false,true,1.7
Amsterdam,2026-04-16,EHAM,exact,16,18.3,16,18,16,false,true,2.3
Helsinki,2026-04-16,EFHK,exact,12,15.2,12,15,12,false,true,3.2
Wellington,2026-04-01,NZWN,exact,17,18.4,19,18,19,false,false,-0.6
Jeddah,2026-04-17,OEJN,exact,41,39.5,41,40,41,false,true,-1.5
Sao Paulo,2026-03-26,SBGR,exact,30,29.9,30,30,30,true,true,-0.1
Paris,2026-04-19,LFPG,exact,18,21.9,17,22,17,false,false,4.9
Seoul,2026-04-12,RKSI,exact,19,24.2,19,24,19,false,true,5.2
Paris,2026-03-25,LFPG,exact,13,16.9,12,17,12,false,false,4.9
Beijing,2026-04-13,ZBAA,exact,18,26.4,18,26,18,false,true,8.4
Sao Paulo,2026-04-17,SBGR,exact,30,29.5,30,30,30,true,true,-0.5
Tokyo,2026-04-16,RJTT,exact,21,23,21,23,21,false,true,2
Milan,2026-04-19,LIMC,exact,24,25.6,24,26,24,false,true,1.6
Busan,2026-04-16,RKPK,exact,21,19.8,21,20,21,false,true,-1.2
Seoul,2026-04-08,RKSI,exact,13,14.7,13,15,13,false,true,1.7
Chongqing,2026-04-19,ZUCK,exact,28,30.1,28,30,28,false,true,2.1
Kuala Lumpur,2026-04-20,WMKK,exact,33,33,33,33,33,true,true,0
Lucknow,2026-04-03,VILK,exact,36,37.7,36,38,36,false,true,1.7
Busan,2026-04-20,RKPK,exact,22,21.4,22,21,22,false,true,-0.6
Madrid,2026-04-21,LEMD,exact,26,27.8,26,28,26,false,true,1.8
Milan,2026-04-20,LIMC,exact,21,22.8,23,23,23,false,false,-0.2
Wuhan,2026-04-19,ZHHH,exact,30,28.7,30,29,30,false,true,-1.3
Chongqing,2026-04-13,ZUCK,exact,21,24,21,24,21,false,true,3
Buenos Aires,2026-04-09,SABE,exact,21,22.2,20,22,20,false,false,2.2
Hong Kong,2026-03-27,VHHH,exact,26,26.5,29,27,29,false,false,-2.5
Mexico City,2026-04-13,MMMX,exact,25,26.4,25,26,25,false,true,1.4
Shenzhen,2026-04-16,ZGSZ,exact,31,30.4,29,30,29,false,false,1.4
Seoul,2026-03-30,RKSI,exact,18,18.6,18,19,18,false,true,0.6
Shenzhen,2026-04-20,ZGSZ,exact,30,30.6,28,31,28,false,false,2.6
London,2026-04-17,EGLL,exact,18,17.6,18,18,18,true,true,-0.4
Hong Kong,2026-04-01,VHHH,exact,27,28.5,26,29,26,false,false,2.5
Tel Aviv,2026-04-20,LLBG,exact,21,22,21,22,21,false,true,1
Seoul,2026-04-15,RKSI,exact,21,25.4,21,25,21,false,true,4.4
Tokyo,2026-04-19,RJTT,exact,23,24.5,23,25,23,false,true,1.5
Shenzhen,2026-03-25,ZGSZ,exact,28,31,29,31,29,false,false,2
Munich,2026-03-27,EDDM,exact,7,7,7,7,7,true,true,0
Milan,2026-04-16,LIMC,exact,24,23.9,24,24,24,true,true,-0.1
Kuala Lumpur,2026-04-19,WMKK,exact,30,33,30,33,30,false,true,3
Istanbul,2026-04-10,LTFM,exact,9,12,9,12,9,false,true,3
Busan,2026-04-09,RKPK,exact,18,20.2,18,20,18,false,true,2.2
Munich,2026-04-14,EDDM,exact,11,13.6,10,14,10,false,false,3.6
Jeddah,2026-04-12,OEJN,exact,31,29.1,31,29,31,false,true,-1.9
Milan,2026-04-10,LIMC,exact,21,22.1,21,22,21,false,true,1.1
Jeddah,2026-04-21,OEJN,exact,35,33.3,35,33,35,false,true,-1.7
Buenos Aires,2026-03-17,SABE,or_below,≤33,31.8,26,32,26,true,true,5.8
Singapore,2026-04-17,WSSS,exact,33,33.4,33,33,33,true,true,0.4
Helsinki,2026-04-15,EFHK,exact,15,12.1,16,12,16,false,false,-3.9
London,2026-04-03,EGLL,exact,16,15.9,16,16,16,true,true,-0.1
Lagos,2026-04-15,DNMM,exact,35,31,35,31,35,false,true,-4
Madrid,2026-03-24,LEMD,exact,18,22,18,22,18,false,true,4
London,2026-04-10,EGLL,or_below,≤16,21,13,21,13,false,true,8
Seoul,2026-04-20,RKSI,exact,15,29,15,29,15,false,true,14
Warsaw,2026-04-12,EPWA,exact,15,14.8,15,15,15,true,true,-0.2
Singapore,2026-04-16,WSSS,exact,33,32.1,33,32,33,false,true,-0.9
Karachi,2026-04-21,OPKC,exact,33,31.6,33,32,33,false,true,-1.4
Guangzhou,2026-04-15,ZGGG,exact,31,31,31,31,31,true,true,0
Madrid,2026-03-30,LEMD,exact,19,20.1,19,20,19,false,true,1.1
Tel Aviv,2026-04-11,LLBG,exact,22,20.8,22,21,22,false,true,-1.2
Mexico City,2026-04-20,MMMX,exact,24,30.1,24,30,24,false,true,6.1
Paris,2026-04-17,LFPG,exact,21,21.9,21,22,21,false,true,0.9
Tel Aviv,2026-04-10,LLBG,exact,22,20.8,22,21,22,false,true,-1.2
Tel Aviv,2026-04-05,LLBG,exact,21,21.2,21,21,21,true,true,0.2
Chengdu,2026-04-19,ZUUU,exact,30,28.6,30,29,30,false,true,-1.4
Madrid,2026-04-17,LEMD,exact,26,27.1,26,27,26,false,true,1.1
Panama City,2026-04-14,MPTO,exact,33,33.7,34,34,34,false,false,-0.3
Jakarta,2026-04-06,WIII,exact,34,32.2,32,32,32,false,false,0.2
Buenos Aires,2026-04-02,SABE,exact,28,31,26,31,26,false,false,5
Shenzhen,2026-04-15,ZGSZ,exact,30,30.9,29,31,29,false,false,1.9
Manila,2026-04-21,RPLL,exact,34,35,34,35,34,false,true,1
Wuhan,2026-03-26,ZHHH,exact,19,22.6,19,23,19,false,true,3.6
Chongqing,2026-04-21,ZUCK,exact,17,21.8,17,22,17,false,true,4.8
Tokyo,2026-04-10,RJTT,exact,20,25.5,20,26,20,false,true,5.5
Wuhan,2026-04-21,ZHHH,exact,17,20.5,17,21,17,false,true,3.5
London,2026-04-09,EGLL,exact,22,25.9,21,26,21,false,false,4.9
Paris,2026-04-20,LFPG,exact,15,17.8,15,18,15,false,true,2.8
Lagos,2026-04-17,DNMM,exact,34,32,34,32,34,false,true,-2
London,2026-04-01,EGLL,exact,14,16.4,13,16,13,false,false,3.4
Milan,2026-03-29,LIMC,exact,18,19.1,18,19,18,false,true,1.1
Jeddah,2026-04-14,OEJN,exact,32,33.2,32,33,32,false,true,1.2
Jeddah,2026-04-13,OEJN,exact,29,32.4,29,32,29,false,true,3.4
Tokyo,2026-04-14,RJTT,exact,21,23.5,21,24,21,false,true,2.5
Cape Town,2026-04-21,FACT,exact,17,18.4,17,18,17,false,true,1.4
Milan,2026-03-28,LIMC,exact,16,18.1,16,18,16,false,true,2.1
Chongqing,2026-04-06,ZUCK,exact,20,24.9,20,25,20,false,true,4.9
Ankara,2026-04-21,LTAC,exact,17,17.1,17,17,17,true,true,0.1
Hong Kong,2026-03-23,VHHH,exact,27,26.6,27,27,27,true,true,-0.4
London,2026-03-28,EGLL,exact,11,11.9,12,12,12,false,false,-0.1
Buenos Aires,2026-04-20,SABE,exact,19,25.8,22,26,22,false,false,3.8
Sao Paulo,2026-04-12,SBGR,exact,26,27.5,27,28,27,false,false,0.5
Kuala Lumpur,2026-04-15,WMKK,exact,32,34,32,34,32,false,true,2
Istanbul,2026-04-17,LTFM,exact,12,15.9,12,16,12,false,true,3.9
Seoul,2026-04-16,RKSI,exact,24,25.4,24,25,24,false,true,1.4
Tokyo,2026-04-11,RJTT,exact,25,25.5,25,26,25,false,true,0.5
Singapore,2026-04-21,WSSS,exact,31,32.2,31,32,31,false,true,1.2
Shanghai,2026-04-18,ZSPD,exact,21,22,21,22,21,false,true,1
Karachi,2026-04-19,OPKC,exact,33,31.6,33,32,33,false,true,-1.4
Tokyo,2026-04-12,RJTT,exact,22,25.5,22,26,22,false,true,3.5
Lucknow,2026-04-15,VILK,exact,39,40.2,39,40,39,false,true,1.2
Cape Town,2026-04-15,FACT,exact,21,22.2,21,22,21,false,true,1.2
Toronto,2026-04-19,CYYZ,exact,6,19.1,10,19,10,false,false,9.1
Taipei,2026-04-15,RCTP,exact,32,31.2,29,31,29,false,false,2.2
Lucknow,2026-04-19,VILK,exact,42,42,42,42,42,true,true,0
Munich,2026-03-25,EDDM,exact,15,13.9,15,14,15,false,true,-1.1
Hong Kong,2026-03-26,VHHH,exact,28,29.4,28,29,28,false,true,1.4
Paris,2026-03-30,LFPG,exact,14,12.2,14,12,14,false,true,-1.8
Seoul,2026-04-01,RKSI,exact,14,17.5,14,18,14,false,true,3.5
Hong Kong,2026-04-05,VHHH,exact,25,27.4,27,27,27,false,false,0.4
Singapore,2026-04-20,WSSS,exact,32,32.2,32,32,32,true,true,0.2
Lucknow,2026-04-16,VILK,exact,40,40.2,40,40,40,true,true,0.2
Paris,2026-04-16,LFPG,exact,19,21,19,21,19,false,true,2
Seattle,2026-04-09,KSEA,exact,64,18.5,18.89,19,19,false,false,-0.39
Seoul,2026-04-06,RKSI,exact,14,15.9,13,16,13,false,false,2.9
Warsaw,2026-03-28,EPWA,exact,16,16.4,16,16,16,true,true,0.4
Taipei,2026-04-13,RCTP,exact,33,31.2,30,31,30,false,false,1.2
Warsaw,2026-03-29,EPWA,exact,17,16.4,17,16,17,false,true,-0.6
Lagos,2026-04-13,DNMM,exact,35,32.2,35,32,35,false,true,-2.8
Tel Aviv,2026-03-29,LLBG,exact,22,22.4,22,22,22,true,true,0.4
Guangzhou,2026-04-19,ZGGG,exact,33,30.8,33,31,33,false,true,-2.2
Helsinki,2026-04-18,EFHK,exact,12,15.2,12,15,12,false,true,3.2
Toronto,2026-03-31,CYYZ,exact,8,16.6,18,17,18,false,false,-1.4
Tokyo,2026-04-07,RJTT,exact,19,22.7,19,23,19,false,true,3.7
Wellington,2026-04-11,NZWN,exact,20,20.8,20,21,20,false,true,0.8
Moscow,2026-04-20,UUEE,exact,5,8.6,5,9,5,false,true,3.6
Seattle,2026-04-19,KSEA,exact,62,18.8,23.33,19,23,false,false,-4.53
Sao Paulo,2026-04-18,SBGR,exact,30,29.5,30,30,30,true,true,-0.5
Manila,2026-04-15,RPLL,exact,35,34.3,35,34,35,false,true,-0.7
Ankara,2026-04-20,LTAC,exact,14,16.6,14,17,14,false,true,2.6
Mexico City,2026-04-12,MMMX,exact,23,24.8,26,25,26,false,false,-1.2
Wuhan,2026-04-17,ZHHH,exact,27,26.4,27,26,27,false,true,-0.6
Shanghai,2026-04-20,ZSPD,exact,19,22,19,22,19,false,true,3
Sao Paulo,2026-04-07,SBGR,exact,28,27.9,28,28,28,true,true,-0.1
London,2026-04-18,EGLL,exact,16,17.6,18,18,18,false,false,-0.4
Madrid,2026-04-06,LEMD,exact,25,26.4,25,26,25,false,true,1.4
Sao Paulo,2026-04-09,SBGR,exact,27,25.2,27,25,27,false,true,-1.8
Beijing,2026-04-12,ZBAA,exact,27,26.4,27,26,27,false,true,-0.6
Tokyo,2026-04-13,RJTT,exact,23,23.5,23,24,23,false,true,0.5
Chengdu,2026-04-20,ZUUU,exact,24,28.6,24,29,24,false,true,4.6
Tel Aviv,2026-04-15,LLBG,exact,35,35.7,35,36,35,false,true,0.7
Tel Aviv,2026-04-21,LLBG,exact,22,21.4,22,21,22,false,true,-0.6
Warsaw,2026-04-21,EPWA,exact,14,16.4,14,16,14,false,true,2.4
Tel Aviv,2026-04-19,LLBG,exact,24,25.3,24,25,24,false,true,1.3
Shenzhen,2026-04-19,ZGSZ,exact,29,30.6,30,31,30,false,false,0.6
Moscow,2026-04-19,UUEE,exact,4,10.2,4,10,4,false,true,6.2
Jeddah,2026-04-19,OEJN,exact,38,39.5,38,40,38,false,true,1.5
Istanbul,2026-04-13,LTFM,exact,12,16.6,12,17,12,false,true,4.6
Amsterdam,2026-04-13,EHAM,exact,14,14.2,14,14,14,true,true,0.2
Tel Aviv,2026-03-27,LLBG,exact,19,22.4,19,22,19,false,true,3.4
Amsterdam,2026-04-14,EHAM,exact,15,18.1,15,18,15,false,true,3.1
Istanbul,2026-04-14,LTFM,exact,13,18.4,13,18,13,false,true,5.4
Beijing,2026-04-18,ZBAA,exact,27,25.2,27,25,27,false,true,-1.8
Houston,2026-04-18,KIAH,exact,84,28,27.78,28,28,false,false,0.22
Buenos Aires,2026-04-17,SABE,exact,25,27,26,27,26,false,false,1
Chongqing,2026-04-16,ZUCK,exact,25,25.1,25,25,25,true,true,0.1
Singapore,2026-04-18,WSSS,exact,34,33.4,34,33,34,false,true,-0.6
Milan,2026-04-15,LIMC,exact,22,22.7,22,23,22,false,true,0.7
Shanghai,2026-04-09,ZSPD,exact,29,27.8,29,28,29,false,true,-1.2
Chicago,2026-04-13,KORD,exact,74,26.9,25.56,27,26,false,false,1.34
Chongqing,2026-04-17,ZUCK,exact,27,29.2,27,29,27,false,true,2.2
Seoul,2026-04-13,RKSI,exact,20,24.8,20,25,20,false,true,4.8
Madrid,2026-04-04,LEMD,exact,23,25.9,23,26,23,false,true,2.9
Buenos Aires,2026-04-19,SABE,exact,26,27,24,27,24,false,false,3
Toronto,2026-04-13,CYYZ,exact,21,21.4,21,21,21,true,true,0.4
Buenos Aires,2026-02-20,SABE,exact,31,28.5,25,29,25,false,false,3.5
Madrid,2026-04-01,LEMD,exact,19,20.1,19,20,19,false,true,1.1
Toronto,2026-04-01,CYYZ,exact,10,16.3,10,16,10,false,true,6.3
Seoul,2026-04-07,RKSI,exact,11,14.7,11,15,11,false,true,3.7
Munich,2026-04-17,EDDM,exact,20,19.9,20,20,20,true,true,-0.1
Ankara,2026-03-11,LTAC,exact,14,13.7,16,14,16,true,false,-2.3
Toronto,2026-04-16,CYYZ,exact,21,19.3,21,19,21,false,true,-1.7
Jakarta,2026-04-18,WIII,exact,34,33.4,32,33,32,false,false,1.4
Seoul,2026-04-03,RKSI,exact,19,20.4,19,20,19,false,true,1.4
Singapore,2026-04-13,WSSS,exact,34,31.7,34,32,34,false,true,-2.3
Munich,2026-03-29,EDDM,exact,6,7,6,7,6,false,true,1
London,2026-04-21,EGLL,exact,14,15.9,15,16,15,false,false,0.9
Warsaw,2026-04-20,EPWA,exact,13,19.1,13,19,13,false,true,6.1
Jakarta,2026-04-12,WIII,exact,34,33.2,33,33,33,false,false,0.2
Madrid,2026-03-25,LEMD,exact,22,22,22,22,22,true,true,0
Lucknow,2026-04-21,VILK,exact,41,42,41,42,41,false,true,1
Tokyo,2026-03-25,RJTT,exact,13,16.8,13,17,13,false,true,3.8
Lagos,2026-04-19,DNMM,exact,32,32,31,32,31,true,false,1
Munich,2026-04-01,EDDM,exact,8,8,8,8,8,true,true,0
Buenos Aires,2026-04-10,SABE,exact,24,22.5,21,23,21,false,false,1.5
Amsterdam,2026-04-06,EHAM,exact,13,14.6,13,15,13,false,true,1.6
London,2026-03-25,EGLL,exact,9,13.1,10,13,10,false,false,3.1
Guangzhou,2026-04-21,ZGGG,exact,32,30.5,32,31,32,false,true,-1.5
Wellington,2026-04-19,NZWN,exact,16,16.6,16,17,16,false,true,0.6
Lagos,2026-04-21,DNMM,exact,33,31.7,33,32,33,false,true,-1.3
Seoul,2026-04-11,RKSI,exact,12,20.5,11,21,11,false,false,9.5
Seoul,2026-04-14,RKSI,exact,23,24.8,23,25,23,false,true,1.8
Jakarta,2026-04-19,WIII,exact,34,33.4,32,33,32,false,false,1.4
Chengdu,2026-04-18,ZUUU,exact,30,28.6,30,29,30,false,true,-1.4
London,2026-03-23,EGLL,exact,15,14.9,15,15,15,true,true,-0.1
Istanbul,2026-04-19,LTFM,exact,15,17.2,15,17,15,false,true,2.2
Wuhan,2026-04-18,ZHHH,exact,29,28.7,29,29,29,true,true,-0.3
Madrid,2026-04-18,LEMD,exact,28,27.3,28,27,28,false,true,-0.7
Beijing,2026-04-21,ZBAA,exact,27,25.3,27,25,27,false,true,-1.7
Toronto,2026-04-07,CYYZ,exact,2,4.7,2,5,2,false,true,2.7
Amsterdam,2026-04-17,EHAM,exact,18,18.3,18,18,18,true,true,0.3
Tel Aviv,2026-04-17,LLBG,exact,33,35.7,33,36,33,false,true,2.7
Seoul,2026-04-18,RKSI,exact,21,29,22,29,22,false,false,7
Warsaw,2026-04-09,EPWA,exact,7,9.7,7,10,7,false,true,2.7
Manila,2026-04-20,RPLL,exact,35,34.8,35,35,35,true,true,-0.2
Seoul,2026-03-24,RKSI,exact,13,17.9,14,18,14,false,false,3.9
Jeddah,2026-04-15,OEJN,exact,36,36.5,36,37,36,false,true,0.5
Guangzhou,2026-04-20,ZGGG,exact,30,30.8,30,31,30,false,true,0.8
London,2026-04-08,EGLL,exact,24,25.9,25,26,25,false,false,0.9
London,2026-04-07,EGLL,exact,18,25.9,21,26,21,false,false,4.9
Wellington,2026-04-15,NZWN,exact,18,16.7,18,17,18,false,true,-1.3
Chicago,2026-04-21,KORD,exact,54,23.2,24.44,23,24,false,false,-1.24
Cape Town,2026-04-16,FACT,exact,21,19.9,21,20,21,false,true,-1.1
Tokyo,2026-04-05,RJTT,exact,23,23.2,23,23,23,true,true,0.2
Los Angeles,2026-04-04,KLAX,exact,80,31,29.44,31,29,false,false,1.56
New York City,2026-04-17,KNYC,or_below,≤77,33.4,26.67,33,27,false,false,6.73
Toronto,2026-03-05,CYYZ,exact,5,3.2,5,3,5,false,true,-1.8
Denver,2026-04-17,KDEN,exact,54,24.8,22.22,25,22,false,false,2.58
Warsaw,2026-04-19,EPWA,exact,19,19.1,19,19,19,true,true,0.1
Toronto,2026-03-07,CYYZ,exact,16,14.9,17,15,17,false,false,-2.1
Chicago,2026-03-07,KORD,exact,60,19.9,18.33,20,18,false,false,1.57
Atlanta,2026-03-06,KATL,exact,80,26.7,27.22,27,27,false,false,-0.52
Buenos Aires,2026-01-10,SABE,or_below,≤26,28.9,23,29,23,false,true,5.9
San Francisco,2026-04-19,KSFO,exact,70,23.4,21.67,23,22,false,false,1.73
Seattle,2026-04-20,KSEA,exact,62,18.9,22.22,19,22,false,false,-3.32
Atlanta,2026-03-12,KATL,exact,64,26.9,23.89,27,24,false,false,3.01
Atlanta,2026-03-03,KATL,exact,62,21.8,17.22,22,17,false,false,4.58
Sao Paulo,2026-02-24,SBGR,exact,28,27.5,28,28,28,true,true,-0.5
New York City,2026-03-11,KNYC,exact,56,24.4,22.78,24,23,false,false,1.62
Wellington,2026-02-26,NZWN,exact,20,21,20,21,20,false,true,1
New York City,2026-04-02,KNYC,or_below,≤59,26.6,14.44,27,14,false,true,12.16
London,2026-03-04,EGLL,or_below,≤12,17,13,17,13,false,false,4
New York City,2026-03-07,KNYC,exact,48,20.5,10,21,10,false,false,10.5
