city,date,conditionId,bucketLoC,bucketHiC,kind,snapshotTs,obsMaxC,signedDist,bucketRel,side,entryPrice,noPrice,yesPrice,exitPrice,exitTs,exitReason,holdMin,shares,pnl,fresh,priorTicks
Warsaw,2026-04-07,0xafb38263caef6ed8ab7a54a1ec773d4df4b7fdaa51918a8bb40a0aac412f2556,8,8,exact,1775557799,8,0,contains,YES,0.033,0.967,0.033,0.001,1775568571,timeout,180,3030.3,-96.97,10,246
Kuala Lumpur,2026-04-16,0xa554c426d0b165b7180ff557d30397a253c027bd36f23aa40287ace8deaff7c2,31,31,exact,1776305699,31,0,contains,YES,0.085,0.95,0.085,0.03,1776307114,tape-ended,24,1176.47,-64.71,123,33
Wuhan,2026-03-25,0x2525565e61ecdb8f43750eb420727dbbc411a25196c56b123b0a398ee53bff82,21,21,exact,1774422899,21,0,contains,YES,0.03,0.97,0.03,0.98,1774429661,profit-take,113,3333.33,3166.67,6,86
Toronto,2026-04-14,0x265d99bfca5b37742350d122e5d3ce6f2e83c9d528f88fb2a1a0f15e5531a4f8,22,22,exact,1776188699,22,0,contains,YES,0.18,0.81,0.18,0.001,1776189436,tape-ended,12,555.56,-99.44,7,121
Taipei,2026-04-18,0x7cc97a7f345dc576b31e8b609358d7de240a62e7d1d9eeebf6123c98405bd76e,25,25,exact,1776472199,25,0,contains,YES,0.138,0.83,0.138,0.001,1776479596,timeout,123,724.64,-99.28,65,10
Milan,2026-03-26,0x1a4d84dc4a89f890ae76b9a126c50160ba2de0572e98120a7d27f3d7d034dd06,11,11,exact,1774511999,11,0,contains,YES,0.031,0.969,0.031,0.0109,1774514733,tape-ended,46,3225.81,-64.71,142,215
Toronto,2026-04-21,0x00ab5636a5979fca8d1a112da5e92f9e5c8aad0bc365415d13c2e2f4e78eabd2,11,11,exact,1776796199,11,0,contains,YES,0.096,0.9445,0.096,0.789,1776803426,timeout,120,1041.67,721.88,25,10
Munich,2026-04-15,0x11c88f91597c52eaab222bcae8d1490d9f59b297eddf7963b0b943b4d832cec5,12,12,exact,1776257099,12,0,contains,YES,0.049,0.952,0.049,0.001,1776263640,tape-ended,109,2040.82,-97.96,181,61
Helsinki,2026-04-21,0x79ca8e94fb97d2112ead01183c0da9769fd4f34b6dd563d4f184d1a5f0d2183c,14,14,exact,1776769199,14,0,contains,YES,0.066,0.9599,0.066,0.001,1776777006,timeout,130,1515.15,-98.48,167,211
Seoul,2026-03-25,0xd12b28aca75bd0b8287b4a4ac89ac3e58f097a75e20cc6181f5ba6e5e7ba6765,12,12,exact,1774404899,12,0,contains,YES,0.079,0.929,0.079,0.001,1774412035,tape-ended,119,1265.82,-98.73,2,191
Mexico City,2026-04-17,0xb23381c803e49642b1dde50ae2ac2ee80f48bec62ba2e1d3af829e17b3e42694,27,27,exact,1776451499,27,0,contains,YES,0.031,0.921,0.031,0.001,1776458434,tape-ended,116,3225.81,-96.77,117,14
Jeddah,2026-04-16,0x28e1392f1028992a6f70d1d3edf255ba19c76fcf06692985c85adb45d07e9866,34,34,exact,1776324599,34,0,contains,YES,0.06,0.93,0.06,0.001,1776330134,tape-ended,92,1666.67,-98.33,19,9
Amsterdam,2026-04-15,0xc3f5333267dcebd793113f4ab39a459d274c596090a4ed5cd908b7c3645d108e,17,17,exact,1776257999,17,0,contains,YES,0.107,0.8831,0.107,0.001,1776259612,tape-ended,27,934.58,-99.07,43,29
Chongqing,2026-04-12,0x98092f140610a4ad1be75af52297a4b8ad21470cfad88c2aed1a7b805a2432d4,22,22,exact,1775971799,22,0,contains,YES,0.08,0.92,0.08,0.001,1775984471,timeout,211,1250,-98.75,138,176
Istanbul,2026-04-16,0x94058a602c360f8d28d9047b354a503f4b34f79635e16daaa13d7257afa64b77,11,11,exact,1776320999,11,0,contains,YES,0.039,0.97,0.039,0.0846,1776328580,timeout,126,2564.1,116.9,87,119
Munich,2026-03-30,0x424f43abe5e3afaa77073025b23fd32d319c4d99dabc6d42519511059d19fee0,5,5,exact,1774861714,5,0,contains,YES,0.19,0.92,0.19,0.18,1774868914,timeout,120,526.32,-5.26,6,177
Moscow,2026-04-11,0x7bcc0b124222cef9108fe5ebe0f794e87e946e47a137000a0a9f25a572190b46,4,4,exact,1775901599,4,0,contains,YES,0.1412,0.854,0.1412,0.001,1775903755,tape-ended,36,707.97,-99.29,230,233
Chengdu,2026-04-21,0xf9b94623cf83480dd7e9ab3969d1fe10e66889fea18372b4727bd3673e628071,18,18,exact,1776744899,18,0,contains,YES,0.123,0.941,0.123,0.001,1776752414,timeout,125,813.01,-99.19,1,214
Seoul,2026-03-28,0xec9642b6cd9094b859de879b78b3e57a317a86b16bdde225a3995b862b13ee3e,10,10,exact,1774664099,10,0,contains,YES,0.0375,0.947,0.0375,0.001,1774672239,timeout,136,2663.67,-97.34,82,107
Seoul,2026-03-28,0xe91f8c202a26ac6bdcfc36224542c6372411b8278756ff781f06c7be7ceb472c,11,11,exact,1774665899,11,0,contains,YES,0.101,0.9064,0.101,0.8,1774673143,timeout,121,990.1,692.08,86,12
Helsinki,2026-04-05,0xbb75f1512dfc82092f68e2d00034030e62b9d09e8a6bd8cb409aa7d80b764a79,4,4,exact,1775375099,4,0,contains,YES,0.15,0.9254,0.15,0.01,1775379113,tape-ended,67,666.67,-93.33,256,17
Busan,2026-04-17,0xb1c41953f86f920c00e7cbc01c107ef45461856ac015d03919f0f8fcc3a80f34,16,16,exact,1776392999,16,0,contains,YES,0.08,0.92,0.08,0.003,1776394786,tape-ended,30,1250,-96.25,135,29
Busan,2026-04-17,0x8b59b8b5f4d06a0d8278848c44eff03fd94097ee7a837ae86cfc697d96ec37f2,18,18,exact,1776401999,18,0,contains,YES,0.13,0.85,0.13,0.001,1776405750,tape-ended,63,769.23,-99.23,77,191
Buenos Aires,2026-04-21,0x02b5b68fdd5e4c9b46f692c1478acc977ea31c245033c6503c98ebb19e712478,20,20,exact,1776736799,20,0,contains,YES,0.088,0.94,0.088,0.089,1776744692,timeout,132,1136.36,1.14,37,181
Buenos Aires,2026-04-21,0xa360eafc75cf053aaf67eee412f739d91cef7cdca40c456ac2fe8c8e11f93a66,19,19,exact,1776774599,21,-2,above_obs,NO,0.966,0.966,0.034,0.981,1776776250,profit-take,28,103.52,1.55,117,27
Buenos Aires,2026-04-21,0x50757bbef09ec4676ac2e8c0c018598837b063e9b72e3fd834226fdefed278f0,21,21,exact,1776792599,21,0,contains,YES,0.18,0.7917,0.18,0.7839,1776798180,tape-ended,93,555.56,335.48,77,75
Lucknow,2026-04-20,0x4d5c527fbc93310340d963b77f61ea18abcd1f6b7069eed352f9bc1e6b037264,,39,or_below,1776644999,25,0,contains,YES,0.036,0.961,0.036,0.0162,1776653582,timeout,143,2776.84,-54.9,155,194
Tel Aviv,2026-04-13,0x1287f3eadf7f18492dfdfccf1c10bd3e869eadeb33c9bd101f6bd3c54e845edc,21,21,exact,1776072599,21,0,contains,YES,0.08,0.921,0.08,0.24,1776080039,timeout,124,1250,200,6,20
Istanbul,2026-04-18,0x934489addc24324cfad8b5d1a4f8c62d62c9cb3a8a351e860493519aed331a2a,12,12,exact,1776491999,12,0,contains,YES,0.095,0.95,0.095,0.09,1776499610,timeout,127,1052.63,-5.26,121,158
Amsterdam,2026-04-12,0xa28dde9b7ff59bd4e192c801bc3b705154bb0ea2194dc7d159fb36cffd31cc3d,13,13,exact,1775994299,13,0,contains,YES,0.059,0.966,0.059,0.001,1775997067,tape-ended,46,1694.92,-98.31,58,34
Amsterdam,2026-04-12,0x715e306c8c760f5c6a1e2a5a73858f8e61079a1487ffdb12888e5ec1e74e098e,14,14,exact,1775998799,14,0,contains,YES,0.17,0.8403,0.17,0.99,1776000609,profit-take,30,588.24,482.35,156,26
Seoul,2026-04-02,0x968b5604e92616a135ea545ddcd86fe98fcc595d34efcf97bb835430b48e1946,12,12,exact,1775096099,13,-1,above_obs,NO,0.94,0.94,0.02,0.9893,1775096409,profit-take,5,106.38,5.24,18,240
Seoul,2026-04-02,0xb30770f3abc388d54d370c618845de88a47bf2020a16bfce39150a3684368623,13,13,exact,1775096999,13,0,contains,YES,0.1306,0.87,0.1306,0.001,1775099571,tape-ended,43,765.47,-99.23,8,171
Tokyo,2026-04-02,0x034c4380342e6168210675424071e9c02ddb84bae715017055d725076cabfc13,12,12,exact,1775106899,12,0,contains,YES,0.0556,0.949,0.0556,0.001,1775111001,tape-ended,68,1797.86,-98.2,24,107
Tokyo,2026-04-02,0xcd22eb33443811316486a7c5b511416441b54fd02f779b6723e6630ff534c1b4,13,13,exact,1775108699,13,0,contains,YES,0.11,0.8768,0.11,0.001,1775115237,tape-ended,109,909.09,-99.09,88,118
Warsaw,2026-03-27,0x8ec80ae500b6d381fc8d688e70c81a10adf61add10dd8678e04ea2cdea2b87eb,9,9,exact,1774608299,9,0,contains,YES,0.07,0.929,0.07,0.0653,1774614531,tape-ended,104,1428.57,-6.67,12,226
Amsterdam,2026-04-19,0x4ca2c1cfbbbc64e5f707ccd46ca40651c265b6c4f8ffcb73ef7f3aa764635c8f,12,12,exact,1776587399,12,0,contains,YES,0.06,0.97,0.06,0.001,1776592326,tape-ended,82,1666.67,-98.33,71,21
Taipei,2026-04-21,0x03b53b9ab623970605d6ae8030f9551138726c77a8c73936084000b2a572377e,28,28,exact,1776734099,28,0,contains,YES,0.05,0.97,0.05,0.001,1776738290,tape-ended,70,2000,-98,287,23
Taipei,2026-04-21,0xa6cb9f15a17b32b0e5fb77796e1db6ec1a8fc4004cf6803f3327fbd51ef5f7ea,29,29,exact,1776737699,30,-1,above_obs,NO,0.58,0.58,0.43,0.55,1776745178,timeout,125,172.41,-5.17,287,10
Taipei,2026-04-21,0x08b17fd42db306643fe8bb4831388906e3d675158d0d6b11706cc0d1f295efe0,30,30,exact,1776741299,31,-1,above_obs,NO,0.68,0.68,0.36,0.08,1776748976,timeout,128,147.06,-88.24,43,132
Taipei,2026-04-21,0x0e03af28a8b043ea085d16910f9640aeff2d4ea854b251f7591b4754601cd925,31,31,exact,1776743099,31,0,contains,YES,0.19,0.83,0.19,0.02,1776751302,timeout,137,526.32,-89.47,113,247
Tokyo,2026-03-28,0xc71f7ace530b95e576c368ac447944bfd93470bebfc5dbc0475fd3dcd2d7edde,15,15,exact,1774664999,15,0,contains,YES,0.07,0.9554,0.07,0.001,1774667045,tape-ended,34,1428.57,-98.57,80,35
Tokyo,2026-03-28,0x43958061a9f686dfe3fb9231d224e1abd34e065d99e613898bf413836d8d1549,16,16,exact,1774667699,16,0,contains,YES,0.1045,0.8993,0.1045,0.001,1774672745,tape-ended,84,956.88,-99.04,96,55
Lucknow,2026-04-18,0xd31267af8c88f7413bf882ee920d281bee28d81e0e868fd47dfda1a3887018cb,,39,or_below,1776472199,26,0,contains,YES,0.0337,0.961,0.0337,0.036,1776480964,timeout,146,2967.74,6.84,51,215
Buenos Aires,2026-04-16,0x4810c8fb93622de2e325e4c80ac5cfc2952201727f8f78693b7da7dd072beaff,22,22,exact,1776356999,22,0,contains,YES,0.18,0.762,0.18,0.001,1776363234,tape-ended,104,555.56,-99.44,3,45
Busan,2026-04-19,0xd9da380c4f31b289e5577002424ef8db9677058fb9a9628d9cad32353e4e8c62,21,21,exact,1776557699,21,0,contains,YES,0.1,0.9,0.1,0.0418,1776560514,tape-ended,47,1000,-58.18,243,20
Mexico City,2026-03-30,0x4c8bf60efe0f0dd3be8558d8df1d97dc149d592d5399fff5c43d0d832eb3129f,18,18,exact,1774874699,18,0,contains,YES,0.1527,0.85,0.1527,0.16,1774875636,tape-ended,16,655,4.8,57,20
Helsinki,2026-04-20,0x04653ad7a50416a430b2f2529933d35e5f031db27cc95c5cef7521bdfe2bebe7,12,12,exact,1776686399,12,0,contains,YES,0.2,0.83,0.2,0.01,1776693086,tape-ended,111,500,-95,209,202
Kuala Lumpur,2026-04-12,0x04ac233f20430b16e9ba78a2b3c911707bcfc37a02682028e7db61757b8b359b,31,31,exact,1775960999,31,0,contains,YES,0.12,0.91,0.12,0.11,1775968771,timeout,130,833.33,-8.36,34,69
Buenos Aires,2026-04-15,0xcc9a0ca45f228ea28b057a303893a6608872c42dcce6d228c657c06f6ba244e3,21,21,exact,1776257999,22,-1,above_obs,NO,0.9509,0.9509,0.042,0.995,1776265440,profit-take,124,105.16,4.63,35,8
Sao Paulo,2026-04-10,0x0ed19070a0adc3ea17fb767f81348080a604bbf762a9dcdc93544d9008b39d92,20,20,exact,1775801699,20,0,contains,YES,0.0439,0.96,0.0439,0.018,1775810831,timeout,152,2278.4,-58.99,40,220
Sao Paulo,2026-04-10,0x4eb316c7573292061a070fb718a5897a6c4f26939767f1807b83c51da5d3b3cd,21,21,exact,1775830499,21,0,contains,YES,0.18,0.8,0.18,0.9247,1775837747,timeout,121,555.56,413.74,16,66
Chengdu,2026-04-16,0x0fd95bac733b86463f8cadfe736c21ddd6fe1882a3faeda4a459c1a06a2b0e9c,23,23,exact,1776309299,23,0,contains,YES,0.0938,0.95,0.0938,0.0014,1776312166,tape-ended,48,1066.67,-98.54,97,230
Tel Aviv,2026-03-16,0x053dd413e1a08864c4da8635e54357d819baec38b60a5ef8bbcf358a0f8b9894,18,18,exact,1773650957,18,0,contains,YES,0.043,0.968,0.043,0.001,1773655577,tape-ended,77,2328,-97.67,38,10
Amsterdam,2026-04-20,0x3d6d0edc81872db8180de70eed930670780eacdf58ae330b0ff7151f45976be6,10,10,exact,1776679199,10,0,contains,YES,0.05,0.97,0.05,0.158,1776686424,timeout,120,2000,216,81,20
Chongqing,2026-04-22,0x2d3c8312ab8babbb8220bb5713b6e22094c06064e3e480b28ca2b07f58389d23,20,20,exact,1776831299,20,0,contains,YES,0.12,0.9,0.12,0.001,1776841040,timeout,162,833.33,-99.17,53,124
Chongqing,2026-04-22,0x58ea3bd9f2bf642a91b2f1a5c597488ec506ac836f25660c739669e837a04879,21,21,exact,1776841199,21,0,contains,YES,0.16,0.8533,0.16,0.01,1776841436,tape-ended,4,625,-93.75,9,175
Karachi,2026-04-15,0xb844a288d8323c4011e9e6adb2d1f3aee8cc05a4995d7a9df6dd1cba73543357,30,30,exact,1776234226,32,-2,above_obs,NO,0.8959,0.8959,0.2167,0.9896,1776238344,profit-take,69,111.62,10.46,270,6
Buenos Aires,2026-03-29,0xa8ec14da2014e74e063ff443320f93927fd288c51e96cef14fb4be537b265413,24,24,exact,1774790099,25,-1,above_obs,NO,0.951,0.951,0.049,0.98,1774791772,profit-take,28,105.15,3.05,5,88
Mexico City,2026-04-21,0xbbd89daeb97ed1bdbcd48aa316d43a3157ec25b24b890b6afa639d01d58b3d44,25,25,exact,1776797999,25,0,contains,YES,0.19,0.81,0.19,0.001,1776802020,tape-ended,67,526.32,-99.47,269,154
Cape Town,2026-04-17,0x3f735a9fa22ccc3e25d69a1a53063eb07b2bb144fc3bd874c0dd0d31fb27bbd9,15,15,exact,1776406499,15,0,contains,YES,0.17,0.86,0.17,0.001,1776416100,timeout,160,588.24,-99.41,225,51
Seoul,2026-04-04,0xcb2a64d3d5d9314107a44ffd4d51548ce73dcbf79f9ee7b9490fd742c0fb4e76,14,14,exact,1775264399,14,0,contains,YES,0.0217,0.96,0.0217,0.001,1775266101,tape-ended,28,4606.2,-95.39,50,205
Houston,2026-04-17,0xbc202201e3401b136bd54a7ad11d58dea916fd5756f672c4460136661138fde0,,26.111,or_below,1776401099,25.56,0,contains,YES,0.0348,0.965,0.0348,0.012,1776416586,timeout,258,2870.37,-65.56,215,205
Beijing,2026-04-20,0xf77a758015271f98edc4d1a8a3142cea3bdae34c921a13bfe78e37c579c85c08,22,22,exact,1776663899,22,0,contains,YES,0.185,0.6,0.185,0.01,1776664958,tape-ended,18,540.61,-94.59,37,166
Seoul,2026-04-17,0x06587611533b2de810403e1727e0650e21af1cba4f4c19f8447adad560134c9f,15,15,exact,1776388499,15,0,contains,YES,0.0757,0.936,0.0757,0.001,1776394762,tape-ended,104,1321,-98.68,17,125
Seoul,2026-04-17,0x6eb13e20aee8bf984108f1424160e97a012fb306a9f896940cfa2d87196aed0b,17,17,exact,1776400199,17,0,contains,YES,0.18,0.7923,0.18,0.98,1776404694,profit-take,75,555.56,444.44,17,82
Jakarta,2026-04-20,0x4c9fb23cf9132089c274c6f6cdf3b0ec3e95c22b86878782e055e96a004dd908,32,32,exact,1776657599,32,0,contains,YES,0.2,0.92,0.2,0.001,1776662000,tape-ended,73,500,-99.5,7,146
Guangzhou,2026-04-22,0xa17f561b0678959487ea528f607029c2e10a92150e4e5fd8ed920cec26ecb04b,29,29,exact,1776825899,29,0,contains,YES,0.0396,0.969,0.0396,0.0309,1776826178,tape-ended,5,2525.6,-22.01,161,83
Lagos,2026-04-18,0xd097aff66958fd6f515d3f86722f730e8b2ff0a168035d9b5ef2ee9c87222bdd,34,34,exact,1776514499,34,0,contains,YES,0.0449,0.97,0.0449,0.11,1776521722,timeout,120,2226.43,144.91,229,77
Lagos,2026-04-18,0x5d85c0aaa5fc105ccf8b5316b764edbde2ffc4632f4a4cd0fe6717e380ea5165,33,33,exact,1776518099,34,-1,above_obs,NO,0.9544,0.9544,0.0648,0.84,1776525372,timeout,121,104.77,-11.99,165,135
Lagos,2026-04-18,0x455de2b8f678119b2dabbbd7e3ec412af3a370f22b730e4cc445d470b159c5a0,32,32,exact,1776525299,34,-2,above_obs,NO,0.7301,0.7301,0.26,0.98,1776530684,profit-take,90,136.96,34.22,157,10
Toronto,2026-03-20,0xa9585a4e964cd186a3817422dcb2faa1673d78672e5518af09685072c857f55c,3,3,exact,1774026899,4,-1,above_obs,NO,0.932,0.932,0.087,0.986,1774030721,profit-take,64,107.3,5.79,180,56
Moscow,2026-04-21,0x077388268b635c6dd8cf4ccd47a63d29b54b40bb8eb58f91ccfaee11b72cc7b6,7,7,exact,1776765599,8,-1,above_obs,NO,0.81,0.81,0.19,0.88,1776772822,timeout,120,123.46,8.64,245,187
Moscow,2026-04-21,0xba0b4072c11dd6bf14b5fd4bded98ac35ff8ababd5e182f2cc271bcedc0c565d,9,9,exact,1776777299,9,0,contains,YES,0.17,0.84,0.17,0.988,1776782046,profit-take,79,588.24,481.18,15,178
Jakarta,2026-04-21,0x0781c97d4e851785a1c5c91656d9efc9305a7cf637256d475f54d1a649142e7e,32,32,exact,1776741299,32,0,contains,YES,0.07,0.95,0.07,0.001,1776745244,tape-ended,66,1428.57,-98.57,179,135
Mexico City,2026-04-19,0x0e5bec9a1ee2959c468911f30562b4c6146b08c1210a270b2826b17e460783b9,26,26,exact,1776558599,27,-1,above_obs,NO,0.66,0.66,0.37,0.68,1776568656,timeout,168,151.52,3.03,11,172
Mexico City,2026-04-19,0x75768fb6603e423ab19d9b8a0cbd052b2397f6adb59a9b74778323c496b9894b,25,25,exact,1776558599,27,-2,above_obs,NO,0.83,0.83,0.2,0.7838,1776568006,timeout,157,120.48,-5.56,167,161
Mexico City,2026-04-19,0xee83af75197e38b3a8ef4c0d3f02b6492008594d6faab0bfe40631cce85b252e,27,27,exact,1776561299,27,0,contains,YES,0.1572,0.8,0.1572,0.16,1776578476,timeout,286,635.99,1.76,171,125
Tokyo,2026-04-06,0xc8ccc05dcb042dd4b6830275d67bdc53c00d5f8a772a6019097b7879dffb2be0,21,21,exact,1775447099,21,0,contains,YES,0.1184,0.88,0.1184,0.001,1775450885,tape-ended,63,844.36,-99.16,42,79
Lagos,2026-04-20,0x08147c21a39169df6cc80a87312aa3ca37c45352089af661c1db6c78a62f96c3,,28,or_below,1776680999,27,0,contains,YES,0.059,0.941,0.059,0.0516,1776688426,timeout,124,1694.92,-12.5,3,153
Guangzhou,2026-04-16,0x833f128e36c4d1c6d3924aefeaa3e7da5f86ab25009196da69f11bc943848134,,29,or_below,1776302099,28,0,contains,YES,0.04,0.94,0.04,0.01,1776308788,tape-ended,111,2500,-75,29,29
Panama City,2026-04-11,0xd044b3a1849327a7347222f2fc004af2647f7e69ee206e8babcce6c87369ce65,29,29,exact,1775924999,29,0,contains,YES,0.1164,0.863,0.1164,0.102,1775926825,tape-ended,30,859.17,-12.36,272,76
Chongqing,2026-04-18,0x8844e10d30a79f071b2218102afa5244dd1e5b4defdc307521f843959f884508,29,29,exact,1776493799,29,0,contains,YES,0.1418,0.84,0.1418,0.001,1776501826,timeout,134,705.13,-99.29,117,175
Taipei,2026-04-17,0x4d7d8f1b31d740dca295c6eca41a8af3b08e1f8dc17908ffe20acf3456919f81,27,27,exact,1776390299,27,0,contains,YES,0.121,0.94,0.121,0.001,1776393138,tape-ended,47,826.21,-99.17,13,36
Lagos,2026-04-22,0x08c1202fb5b759518c939f3ce71c3d9079d8f0161d5f635381e194f20ff24557,,29,or_below,1776819599,27,0,contains,YES,0.036,0.962,0.036,0.083,1776828440,timeout,147,2777.78,130.56,47,174
Lagos,2026-04-22,0x164461f4ace853eeaa5919c8d2f2c7cf7ddc0926813a9ecea824f04b3627b69c,32,32,exact,1776852899,33,-1,above_obs,NO,0.9445,0.9445,0.01,0.999,1776854072,profit-take,20,105.88,5.77,83,115
Lagos,2026-04-16,0x84e5de56c51c16698acb0d6d279ebf0d05efc119dded423a569455139627453c,,28,or_below,1776335399,25,0,contains,YES,0.184,0.897,0.184,0.001,1776342154,tape-ended,113,543.48,-99.46,207,56
Lagos,2026-04-16,0x6f91f05e64c0a2557c3cf7e8f0b32bc3fa31988be544d73dbe79455889d353f0,30,30,exact,1776345299,30,0,contains,YES,0.0958,0.912,0.0958,0.001,1776348642,tape-ended,56,1043.49,-98.96,239,22
Panama City,2026-04-17,0x08e199cdf3c2b4aa859171a1cfd03b823085e9c9c4b38c26f662f371f0cecb38,33,33,exact,1776448799,34,-1,above_obs,NO,0.67,0.67,0.3,0.0396,1776456528,timeout,129,149.25,-94.09,1,120
Panama City,2026-04-17,0x3e82c2199322d7d31b9f5950612d037a08782b0d96e59a60e129536f95369a95,34,34,exact,1776453299,34,0,contains,YES,0.03,0.96,0.03,0.07,1776458974,tape-ended,95,3333.33,133.33,87,38
Singapore,2026-04-15,0x1f48ca87e7709408ef8dd806edab185a59aac6a8621b6f0d9e64bf7cfcbab9df,30,30,exact,1776230999,30,0,contains,YES,0.19,0.82,0.19,0.001,1776235680,tape-ended,78,526.32,-99.47,79,186
Helsinki,2026-04-19,0x0960f0a34a570b9aa1c5c0348f0fc1605ca235655a7158bb3e35558ce9a22d65,9,9,exact,1776594599,9,0,contains,YES,0.19,0.74,0.19,0.43,1776601962,timeout,123,526.32,126.32,33,247
Singapore,2026-03-25,0x637de0bb760f7275334e71c88259836331c314981d7f5d80686f3ba5e882b58c,32,32,exact,1774412999,32,0,contains,YES,0.12,0.8449,0.12,0.16,1774420205,timeout,120,833.33,33.33,10,50
Helsinki,2026-04-13,0x5e9f83e58b42307e868f3c0e6f51d4e24a63f0847300508b083972dfd22a5933,11,11,exact,1776067199,11,0,contains,YES,0.058,0.943,0.058,0.001,1776076461,timeout,154,1724.14,-98.28,238,52
Buenos Aires,2026-03-30,0x353eb6fc683812aaada244f3d20edfbed7bf5093eed505b56782a5e43d7a7ee5,,26,or_below,1774831499,23,0,contains,YES,0.066,0.948,0.066,0.0599,1774839478,timeout,133,1515.15,-9.2,57,130
Hong Kong,2026-03-28,0xbef34386141a8a21ad130ce82019be7e6bd72199a0ab6607128fece7859ae1f9,25,25,exact,1774659599,26,-1,above_obs,NO,0.91,0.91,0.11,0.98,1774665783,profit-take,103,109.89,7.69,70,210
Hong Kong,2026-03-28,0x3ab97722f8208a33555a7fa918cb1aea0816138cfabe23a0de063c31c8c87e4a,26,26,exact,1774666799,28,-2,above_obs,NO,0.71,0.71,,0.12,1774674005,timeout,120,140.85,-83.1,104,1
Amsterdam,2026-04-21,0x699fb38e392be725d6a97d4e5ab4253c16e2e761a782ffb4fb5bd8619b525e41,13,13,exact,1776774599,13,0,contains,YES,0.07,0.938,0.07,0.001,1776779466,tape-ended,81,1428.57,-98.57,17,20
Seoul,2026-04-05,0xa32f55ade349f31127e81e865be70316e8fa2f5ce5886aa0dd34d63e0fa21047,10,10,exact,1775357999,10,0,contains,YES,0.061,0.92,0.061,0.001,1775368403,timeout,173,1639.35,-98.36,228,242
Seoul,2026-04-05,0xd9b8ba7d2280021f31fd1cd8c1f02e5dd288ec4dfde26bda12d0db7d1dcb4183,11,11,exact,1775360699,11,0,contains,YES,0.097,0.86,0.097,0.5,1775367947,timeout,121,1030.93,415.46,26,94
Tel Aviv,2026-03-28,0xec6239310f31982275fd54931dbd766ec9881a70c5292f2bb6b1844cb80a7b18,23,23,exact,1774691099,23,0,contains,YES,0.1,0.91,0.1,0.001,1774692021,tape-ended,15,1000,-99,82,218
Amsterdam,2026-04-11,0x620546673dc34f996f12dc91edda7f5ac3f178399738718e278d65297f0192de,15,15,exact,1775906999,15,0,contains,YES,0.152,0.848,0.152,0.001,1775912781,tape-ended,96,657.89,-99.34,44,48
Tokyo,2026-04-03,0x0b8e1d5efbf87e51776f092385dfd100ee2f8f3766e3af2e41b018485deaca95,18,18,exact,1775180699,18,0,contains,YES,0.2,0.7667,0.2,0.001,1775185539,tape-ended,81,500,-99.5,40,87
Seoul,2026-03-12,0xcdd71acd44b484172f14bcec22f96e5b2af9ecb98fcfea5f4aaf1236033699bc,9,9,exact,1773285457,9,0,contains,YES,0.024,0.96,0.024,0.001,1773288401,tape-ended,49,4166.67,-95.83,8,237
Seoul,2026-03-12,0xcf54feb04b8d3acd234093eae6a4ae69658c86b3277d3cb8465208018698ab2c,10,10,exact,1773286357,10,0,contains,YES,0.11,0.89,0.11,0.001,1773291209,tape-ended,81,909.09,-99.09,8,247
Tel Aviv,2026-04-16,0xb75d2840abfb09ec67969c2dde322d9b6a6f475d19c4bacb302af25b730e30f3,34,34,exact,1776329099,34,0,contains,YES,0.127,0.9068,0.127,0.001,1776333152,tape-ended,68,787.4,-99.21,3,79
Tokyo,2026-04-15,0xda2d5a475f0b18d4e599d0e4c1a1a68adfcd7466780ff8d04833c6f599eca0a1,19,19,exact,1776217499,19,0,contains,YES,0.1015,0.909,0.1015,0.001,1776223952,tape-ended,108,985.6,-99.01,71,31
Amsterdam,2026-04-18,0xb0f21a35f45c7c84a545c12862c3bb52fdb55b0d300323830c104ca2d205ba27,13,13,exact,1776497399,13,0,contains,YES,0.1,0.96,0.1,0.001,1776499524,tape-ended,35,1000,-99,7,16
Jeddah,2026-04-20,0x9b0168a83f71019832fe9b7a966399af53eeb4bf547c3cd13686e795e1141586,33,33,exact,1776672899,33,0,contains,YES,0.03,0.967,0.03,0.667,1776680128,timeout,120,3333.33,2123.33,271,197
Kuala Lumpur,2026-04-18,0xcfda381989a03dc285ee7278d23c4790aa4327cdfc77037106cb227e7621024d,31,31,exact,1776480299,31,0,contains,YES,0.17,0.9033,0.17,0.001,1776487692,timeout,123,588.24,-99.41,81,72
Jakarta,2026-04-13,0x3179cacb56c0c420051c17c3f322eed001b6286039c51d17232fe8b5dbe4343d,32,32,exact,1776053699,32,0,contains,YES,0.03,0.94,0.03,0.001,1776065119,timeout,190,3333.33,-96.67,62,150
Tokyo,2026-04-20,0x72aa4ac5b489afebe3d076a259079a42e89ba7a36cd7b4eddf257b00031ed6bd,22,22,exact,1776656699,22,0,contains,YES,0.18,0.8615,0.18,0.95,1776663920,timeout,120,555.56,427.78,71,10
Toronto,2026-04-17,0x88617d500f26db94ab3099583cf5475e5ad91783e6a8db7963e0cb114a03a2db,16,16,exact,1776442499,17,-1,above_obs,NO,0.85,0.85,0.2,0.6755,1776450214,timeout,129,117.65,-20.53,141,5
Toronto,2026-04-17,0x99f7bf1b34dc49c04cd17ce4e7221a8d31588b84d8d9a82a79979a8b1843a8a5,17,17,exact,1776458699,17,0,contains,YES,0.1756,0.86,0.1756,0.0032,1776465986,timeout,121,569.34,-98.19,11,7
Milan,2026-04-14,0x54b65955261424deddad5830add1fdc0e38ab4840a2253ad588b60051cb7051a,16,16,exact,1776167999,16,0,contains,YES,0.0668,0.962,0.0668,0.001,1776173653,tape-ended,94,1497.72,-98.5,4,102
Amsterdam,2026-04-16,0xf962fdf62c9a82334c73eb1fefa274925faa09562892c3b134158c35c22d8e5d,15,15,exact,1776332699,15,0,contains,YES,0.03,0.97,0.03,0.001,1776338508,tape-ended,97,3333.33,-96.67,5,25
Helsinki,2026-04-16,0x5befeccab18bf5b5cdf4fea7c8d1fbb01b5201d4acaebbf9ba3834e0125314a4,10,10,exact,1776338999,10,0,contains,YES,0.12,0.851,0.12,0.001,1776342066,tape-ended,51,833.33,-99.17,133,110
Jeddah,2026-04-17,0xf1ac302478780e0f960009994379b8bc55a7c9cab5feb56a7e62eab7aaa74aa3,36,36,exact,1776410099,36,0,contains,YES,0.099,0.96,0.099,0.001,1776416516,tape-ended,107,1010.1,-98.99,67,12
Paris,2026-04-19,0x682b3f760a0420f13ae792bd0c193f547436a87846d06aacac6b76862f87aaee,16,16,exact,1776599099,16,0,contains,YES,0.087,0.943,0.087,0.001,1776609098,timeout,167,1149.43,-98.85,81,78
Seoul,2026-04-12,0x0efbc1865eb14395334e500b14da4b3e9335be3267d926a5d91047c1e4453df3,16,16,exact,1775961899,16,0,contains,YES,0.059,0.9636,0.059,0.714,1775969109,timeout,120,1694.92,1110.17,6,87
Busan,2026-04-16,0x57ad0747f4e1e9c67855af40683ae56de75f91bea5d657947e60291abcc08003,18,18,exact,1776302099,18,0,contains,YES,0.0132,0.9553,0.0132,0.0128,1776304436,tape-ended,39,7547.17,-3.5,229,16
Busan,2026-04-16,0xa58d4e41bcb9d3216793bfbda644d48c19861dd65d34a5d8e80be98981e66fa8,19,19,exact,1776306599,19,0,contains,YES,0.14,0.87,0.14,0.001,1776309268,tape-ended,44,714.29,-99.29,237,215
Seoul,2026-04-08,0x4e986dc6c48a0a934f2c08224b4fe96958b447c01acbc4144c384fec435cbdce,11,11,exact,1775620799,11,0,contains,YES,0.2,0.79,0.2,0.005,1775627221,tape-ended,107,500,-97.5,42,157
Kuala Lumpur,2026-04-20,0x1b23c4b0726061e2442eafff34d7fa6cdc9d92fbc07d7db0a38a6372fc310b95,30,30,exact,1776649499,30,0,contains,YES,0.061,0.968,0.061,0.001,1776652736,tape-ended,54,1639.34,-98.36,75,12
Kuala Lumpur,2026-04-20,0x8d3026e533359448ce23b02be28aa9d78297fa2859a560bc25779f0dd0cc3f8e,31,31,exact,1776651299,31,0,contains,YES,0.14,0.77,0.14,0.001,1776659760,timeout,141,714.29,-99.29,117,52
Kuala Lumpur,2026-04-20,0x39291ce3404260c495a63524c0523a6b2fead2024b3eaca662718f49f5b7c0ad,32,32,exact,1776656699,32,0,contains,YES,0.05,0.944,0.05,0.001,1776659766,tape-ended,51,2000,-98,17,130
Busan,2026-04-20,0x3dc4454c4790108f4384718c162dd6e659955c2810fce136f9aa5358dc321701,21,21,exact,1776647699,21,0,contains,YES,0.04,0.97,0.04,0.001,1776651160,tape-ended,58,2500,-97.5,71,155
Madrid,2026-04-21,0xcedd1d409e562d047a28a454a5a4ebbe85a05d88fe262b2d3e80332f98cb3b09,26,26,exact,1776775499,26,0,contains,YES,0.1027,0.928,0.1027,0.681,1776782706,timeout,120,973.64,563.05,53,68
Mexico City,2026-04-03,0xd287c066f2377ddb625840f6a32b3b68c43c746f80aaa28538e0d504473ba64f,24,24,exact,1775185199,24,0,contains,YES,0.06,0.94,0.06,0.06,1775193023,timeout,130,1666.67,0,88,108
Mexico City,2026-04-03,0x643b77a42c6d6584324094ba0b47350933e510217b3cd5b959fb83467ceb9e7c,25,25,exact,1775241899,25,0,contains,YES,0.0815,0.95,0.0815,0.01,1775245405,tape-ended,58,1227.46,-87.73,284,181
Mexico City,2026-04-03,0x13c09a290b0ae9f72f6229f3d6546ba3daab9cb0e3a52f90f9f8e90f20e63f5e,27,27,exact,1775251799,27,0,contains,YES,0.12,0.88,0.12,0.97,1775258319,tape-ended,109,833.33,708.33,134,33
Wuhan,2026-04-19,0x7673e6fd79d7c769f87acf7501830d8d8d455a617cd6db8ad1e9542b4c3126e8,29,29,exact,1776572099,29,0,contains,YES,0.09,0.91,0.09,0.001,1776585102,timeout,217,1111.11,-98.89,203,143
Chongqing,2026-04-13,0xb3e2b8c214f44e50694a126b0c16bcddd44821e897804246b8531f64aa4bfee4,19,19,exact,1776050099,19,0,contains,YES,0.08,0.94,0.08,0.001,1776057543,timeout,124,1250,-98.75,220,156
Chongqing,2026-04-13,0xc76e00c01a663383b23552fcd63d578ac9d30f1d6b1eedc5ead57f3055ab39de,20,20,exact,1776054599,20,0,contains,YES,0.14,0.8386,0.14,0.414,1776062279,timeout,128,714.29,195.71,256,121
Hong Kong,2026-03-27,0xde09dedf441e289a2bf6ddf9beeb45c1596f06f856b92fc805d4e951aa7f5211,25,25,exact,1774585799,27,-2,above_obs,NO,0.95,0.95,0.05,0.9924,1774586243,profit-take,7,105.26,4.46,46,80
Shenzhen,2026-04-16,0xf79f05e52aa0d1e7a282b31a7dffa7a4d04c7539081511d29ea67a1e931c3f6c,28,28,exact,1776305699,28,0,contains,YES,0.09,0.93,0.09,0.001,1776313830,timeout,136,1111.11,-98.89,23,177
Seoul,2026-03-30,0x108265347432bd653dd2cf30d307eebd6bbe95bcffcb6b29c4350bdc501a55ff,14,14,exact,1774838240,14,0,contains,YES,0.0307,0.97,0.0307,0.001,1774840640,tape-ended,40,3252.89,-96.75,28,224
Seoul,2026-03-30,0xa2f915e7defe8f89b3d6275f9ab38459f43019db1727bbc8cc67c215cfaaec65,16,16,exact,1774840940,16,0,contains,YES,0.15,0.86,0.15,0.001,1774843326,tape-ended,40,666.67,-99.33,92,213
Seoul,2026-03-30,0x5b6a6164f634ebf1b142c9b27d4638db3209f6d11ffbbff122e6556a1002bca9,17,17,exact,1774842740,17,0,contains,YES,0.13,0.87,0.13,0.001,1774845458,tape-ended,45,769.23,-99.23,6,233
Tel Aviv,2026-04-20,0x4e54f3fec1b58d09ed2408d0d8f550ede85a445e012215e4d6cb9f4787a83de7,21,21,exact,1776674699,21,0,contains,YES,0.18,0.83,0.18,0.3992,1776681910,timeout,120,555.56,121.76,267,176
Seoul,2026-04-15,0xe530253097a9034a4cc56566e038cb0cecafa48414594ff0f84b47eff266f425,20,20,exact,1776219299,20,0,contains,YES,0.15,0.88,0.15,0.0871,1776226512,timeout,120,666.67,-41.93,25,161
Shenzhen,2026-03-25,0x19e071071c7df550121258717632a4aa1c8fd13fcf54a667657e46bd15994a81,28,28,exact,1774422899,29,-1,above_obs,NO,0.83,0.83,0.16,0.03,1774430187,timeout,121,120.48,-96.39,10,112
Milan,2026-04-16,0x92c5cb953c424f83c29bec989879522ccfeece4b94443877fb87a0d23faa79be,23,23,exact,1776346199,23,0,contains,YES,0.1295,0.88,0.1295,0.001,1776348466,tape-ended,38,772.06,-99.23,113,165
Istanbul,2026-04-10,0x4aff512d95fd4ff0ca3c62fd95fa90c6a6fc09ddbf1cfc5d06b811dfc7721300,8,8,exact,1775806199,8,0,contains,YES,0.064,0.97,0.064,0.001,1775807743,tape-ended,26,1562.5,-98.44,206,135
Busan,2026-04-09,0x405663b133733e79bf37dbbff5fd002186416e597e70461c6250f7332f848762,15,15,exact,1775698199,15,0,contains,YES,0.03,0.92,0.03,0.0765,1775705637,timeout,124,3333.33,154.9,2,95
Helsinki,2026-04-15,0x192c1a3f0eb5586061cef92a1a6d4e788527079c250ea100e6e2eae7b804e849,14,14,exact,1776246299,14,0,contains,YES,0.1,0.88,0.1,0.296,1776253524,timeout,120,1000,196,45,157
Lagos,2026-04-15,0xe7b10e5087de993da0c7cb0ff0d277dfbaa45be76752c556870b74c8cbd44598,33,33,exact,1776251699,34,-1,above_obs,NO,0.9514,0.9514,0.01,0.99,1776251744,profit-take,1,105.11,4.06,1,10
Lagos,2026-04-15,0x98f23fe7fe2cf01a2e961971ad959fea9f537a2d86232c349011c78662ae15e6,34,34,exact,1776255299,35,-1,above_obs,NO,0.67,0.67,0.27,0.999,1776256462,profit-take,19,149.25,49.1,147,52
Toronto,2026-04-20,0x779d7f46e17b13fcc1d1f5a75a107057332f872065ea93f539a350ddc62c0865,2,2,exact,1776644099,2,0,contains,YES,0.063,0.9423,0.063,0.0483,1776651900,timeout,130,1587.3,-23.35,109,132
Warsaw,2026-04-12,0x13f596915b6c245291c6a34caf29ff6be2ea7aa182a6b5423956d023950c4594,13,13,exact,1775992499,13,0,contains,YES,0.079,0.9397,0.079,0.001,1775993929,tape-ended,24,1265.82,-98.73,60,62
Karachi,2026-04-21,0xb640615336dd78530306f83cfd468e3efba219f1a8783cf175dafa3a8457fd9c,31,31,exact,1776750299,31,0,contains,YES,0.034,0.97,0.034,0.001,1776752684,tape-ended,40,2941.18,-97.06,125,139
Karachi,2026-04-21,0xbe0e18d6a2aaf6db893bb84557298c573192afe2e6b18a263b261fb5964a6752,32,32,exact,1776752099,32,0,contains,YES,0.08,0.89,0.08,0.2774,1776752684,tape-ended,10,1250,246.73,211,80
Guangzhou,2026-04-15,0xa42ca03cc11c884d6dfaccfd4019ae2d88f92155b81d876967553c9ed15d77c3,,30,or_below,1776236630,31,-1,above_obs,NO,0.87,0.87,0.43,0.9886,1776236784,profit-take,3,114.94,13.63,64,5
Tel Aviv,2026-04-10,0x42cda4071cb1533da464f88943cbb0933bfa166f4b712b2bc5aae2cfc072a5d3,20,20,exact,1775805299,20,0,contains,YES,0.037,0.963,0.037,0.001,1775808063,tape-ended,46,2702.7,-97.3,62,203
Tel Aviv,2026-04-10,0x444152e3c6d7f08ff978b46e3e1eabb98731f665d1fde4d8c908ce9b8da26495,22,22,exact,1775810699,22,0,contains,YES,0.15,0.9471,0.15,0.75,1775818473,timeout,130,666.67,400,48,27
Tel Aviv,2026-04-05,0x53f6c71c3ff931e45f1257a9aafbe11096add9656216d8c1dab05d79c11dfa3b,19,19,exact,1775372399,19,0,contains,YES,0.0482,0.9585,0.0482,0.002,1775375555,tape-ended,53,2076.22,-95.85,68,195
Chengdu,2026-04-19,0x4acd9c66fb8f4e0d385d077db948f89861c6c06bff06e72f7b5e42230710e2bf,26,26,exact,1776564899,26,0,contains,YES,0.07,0.95,0.07,0.001,1776574746,timeout,164,1428.57,-98.57,221,246
Chengdu,2026-04-19,0x14e670733b63ebe49011d812f4eb10fc97a7bcbedc13f4aca658a26325a8e3e4,28,28,exact,1776568499,28,0,contains,YES,0.1851,0.715,0.1851,0.001,1776574850,tape-ended,106,540.16,-99.46,31,220
Panama City,2026-04-14,0x68d9cdafb59408ae4b3327152c26d4918a6e5825fb6a8e07de418b596895d999,32,32,exact,1776181499,32,0,contains,YES,0.03,0.97,0.03,0.001,1776185742,tape-ended,71,3333.33,-96.67,220,5
Shenzhen,2026-04-15,0x6167ebc9e58dcaf379cc6c4548d8e05908d199402f27a5e7f2a7bfb3973e543b,29,29,exact,1776226499,29,0,contains,YES,0.14,0.84,0.14,0.001,1776234490,timeout,133,714.29,-99.29,17,13
Wuhan,2026-03-26,0x3775f3165762815ab62e141cb9461c29418bbcb8a3d4d829f8bc3240cf13077a,17,17,exact,1774501199,17,0,contains,YES,0.093,0.9692,0.093,0.001,1774504855,tape-ended,61,1075.27,-98.92,178,239
Lagos,2026-04-17,0x9b2d2443ae9ccdfdfc27199cb4497e397ed6a7e0361e1d62fbb002f77a2151b7,31,31,exact,1776414599,31,0,contains,YES,0.023,0.95,0.023,0.001,1776424136,timeout,159,4347.83,-95.65,191,144
Jeddah,2026-04-14,0x62adf1512ce7afbf0909750e2f145dae5fd329f15ac3ca4e55774e65c230ce7a,32,32,exact,1776158099,32,0,contains,YES,0.1608,0.84,0.1608,0.44,1776165531,timeout,124,621.72,173.56,64,30
Jeddah,2026-04-13,0x5f92a9d66ff2e3e9b7131a7ef13bf3547c8ca53064d4fef1576fbc2e9bb6f3f8,29,29,exact,1776071699,29,0,contains,YES,0.0411,0.95,0.0411,0.394,1776079159,timeout,124,2432,858.21,112,53
Milan,2026-03-28,0x178ba9697860510a4015e7e8136918505b93c43b7bb381012072c0ec80dab444,16,16,exact,1774700999,16,0,contains,YES,0.132,0.89,0.132,0.3289,1774708237,timeout,121,757.34,149.09,250,4
Hong Kong,2026-03-23,0x6c2be45d7873afd22c8771c63a099664c01c1b6cba691596bbbbe97cab7e2ff3,25,25,exact,1774230299,25,0,contains,YES,0.08,0.93,0.08,0.02,1774237513,timeout,120,1250,-75,14,202
Hong Kong,2026-03-23,0xa8acc7b7e4b13401b4944c50cc0f8e6d5b76426b9bc9db767a8f096a885b18e2,26,26,exact,1774247399,26,0,contains,YES,0.1009,0.95,0.1009,0.001,1774250703,tape-ended,55,990.99,-99.01,24,183
Buenos Aires,2026-04-20,0x324416440e76a8861711061f2dc2ca26a6d9e5c0909a69a5026f0ec988a52842,21,21,exact,1776644099,22,-1,above_obs,NO,0.68,0.68,0.33,0.7321,1776654208,timeout,168,147.06,7.66,59,220
Buenos Aires,2026-04-20,0xe0778d843abe18872cc37655bedc6f09759279550ba5667c1d9e14c77a9adafd,22,22,exact,1776644099,22,0,contains,YES,0.19,0.8179,0.19,0.2,1776652160,timeout,134,526.32,5.26,181,176
Buenos Aires,2026-04-20,0xd6a44d8ae95f44268f574d89964ffb1f6a650f6917cc60a39e0a2d7e142e7217,20,20,exact,1776666599,22,-2,above_obs,NO,0.963,0.963,0.037,0.974,1776674386,timeout,130,103.84,1.14,39,189
Sao Paulo,2026-04-12,0x94933a5469f7f19dbda718589a09e49abe41ec55c5f86015da492d854d09ee64,26,26,exact,1776010499,26,0,contains,YES,0.14,0.89,0.14,0.91,1776017711,timeout,120,714.29,550,114,22
Kuala Lumpur,2026-04-15,0xdf130a7e57fed2056c292de2f8bd628e5e6df8d8600850c2ede31242392623ea,30,30,exact,1776224699,30,0,contains,YES,0.0739,0.9593,0.0739,0.001,1776227916,tape-ended,54,1353.8,-98.65,285,7
Istanbul,2026-04-17,0x453d89e21939ced7427a93a16a17baf2e6bbe7f6ad1663d9c2b3eab01782d88e,11,11,exact,1776406499,11,0,contains,YES,0.0628,0.97,0.0628,0.015,1776416418,timeout,165,1592.26,-76.12,17,181
Seoul,2026-04-16,0xf2fcd7d5f34c230db1e07744bf35871bd28f7c2e1535b4baab5131226fd654b9,22,22,exact,1776309299,22,0,contains,YES,0.1,0.91,0.1,0.001,1776310886,tape-ended,26,1000,-99,1,162
Tokyo,2026-04-11,0x3f49f0c5745897556e4fe20d76380b97e07df61be8351e9a7732586dcdf8dcd6,24,24,exact,1775879999,24,0,contains,YES,0.03,0.97,0.03,0.001,1775885187,tape-ended,86,3333.33,-96.67,2,109
Karachi,2026-04-19,0xaa04d558f1b0426d62689d8e5353793f66db43bbc9d41783358e313b64246f8f,32,32,exact,1776581099,32,0,contains,YES,0.12,0.87,0.12,0.001,1776587838,tape-ended,112,833.33,-99.17,33,90
Lucknow,2026-04-15,0x62976da7f890bc117741a8d5092cfbd1d05bda4f692dc03710eb5eacb67c577e,38,38,exact,1776241799,38,0,contains,YES,0.1623,0.7893,0.1623,0.001,1776246972,tape-ended,86,616.19,-99.38,101,79
Cape Town,2026-04-15,0xcd7bb01a9c2e17dcdf23eb135c67d0f3eafc0d493f286c82a58dec1e3d76e1cf,19,19,exact,1776244499,19,0,contains,YES,0.14,0.9,0.14,0.001,1776247950,tape-ended,58,714.29,-99.29,217,52
Toronto,2026-04-19,0x776d0634830119ddc1782e3c269e9fee22847bfe5cc54b791a34451f4a75f72c,8,8,exact,1776557699,10,-2,above_obs,NO,0.72,0.72,0.2219,0.73,1776566550,timeout,148,138.89,1.39,237,243
Toronto,2026-04-19,0x21acd07725ede8fc1ac353d2560875cb06ddebc2452d5b0782ef2e5f1c6d288f,9,9,exact,1776629699,10,-1,above_obs,NO,0.97,0.97,0.003,0.997,1776630052,profit-take,6,103.09,2.78,15,64
Lucknow,2026-04-19,0x2b9068295d233d8193210e4f9a221f8a5e84bcc9e967fd4e14a7d9532c0ca67e,,40,or_below,1776557699,25,0,contains,YES,0.07,0.969,0.07,0.004,1776566648,timeout,149,1428.57,-94.29,37,209
Lucknow,2026-04-19,0xeb6afd3111e4cf785e53629a8ccbe1539e2c82da69a8853c544b6bd200fbb550,41,41,exact,1776583799,41,0,contains,YES,0.05,0.96,0.05,0.03,1776589340,tape-ended,92,2000,-40,57,29
Hong Kong,2026-03-26,0x1d4be76f1766dbcbf24500de2337cf283805b84fddefc73d777843b6fa62173c,27,27,exact,1774498499,28,-1,above_obs,NO,0.75,0.75,0.25,0.4067,1774506721,timeout,137,133.33,-45.77,192,37
Seoul,2026-04-01,0x611e04200be28ae472fabe10627d818db8a79033daf536f2880481b1b6d63795,13,13,exact,1775007899,13,0,contains,YES,0.14,0.84,0.14,0.001,1775009347,tape-ended,24,714.29,-99.29,54,211
Hong Kong,2026-04-05,0x1abbd6306fd2618bfa1b454c5334440819a5afd37a82d01feafddf4a5455672e,24,24,exact,1775388599,26,-2,above_obs,NO,0.307,0.307,0.7057,0.134,1775395813,timeout,120,325.73,-56.35,72,17
Seoul,2026-04-06,0x2301fb7ad1da693bcfff09bfd37c0a55b558e3afd850777af47f100e13f929bc,10,10,exact,1775440799,10,0,contains,YES,0.016,0.97,0.016,0.001,1775448517,timeout,129,6250,-93.75,12,144
Seoul,2026-04-06,0xcc2dac660f3b8bb0891f8fdd7d9c5b3e9de7cbb38ae02d2fd1d12fc2c4f5c011,11,11,exact,1775444399,11,0,contains,YES,0.09,0.93,0.09,0.54,1775451617,timeout,120,1111.11,500,106,2
Lagos,2026-04-13,0xc821b0a10f9611c9d9e0be08f83034c922b137acc49acca7b2e503775b4baded,34,34,exact,1776081599,34,0,contains,YES,0.14,0.1875,0.14,0.001,1776085497,tape-ended,65,714.29,-99.29,198,58
Lagos,2026-04-13,0xce4e90a2c4705ac903fa693e719e21214c0436935ee629183c150c5ba9f03979,35,35,exact,1776083399,35,0,contains,YES,0.15,0.85,0.15,0.849,1776092253,timeout,148,666.67,466,152,60
Guangzhou,2026-04-19,0xf6e71adfad669bf9f910939b8678700347d3ef652182ca287e152c4b253a2147,31,31,exact,1776572099,31,0,contains,YES,0.06,0.97,0.06,0.002,1776575126,tape-ended,50,1666.67,-96.67,101,17
Helsinki,2026-04-18,0xbcfd8b46ec1d5b17dfce99ff3029dbe6bcc26784bf9c0324989ba6755b180f43,11,11,exact,1776500099,11,0,contains,YES,0.13,0.9,0.13,0.1607,1776507320,timeout,120,769.23,23.6,65,172
Milan,2026-04-09,0xe627cfb17a4c880f72649cd3d7dcd72eed469c0a543c5abbc9d6aa3154ed45d3,22,22,exact,1775739599,22,0,contains,YES,0.0509,0.967,0.0509,0.4652,1775746801,timeout,120,1965.39,814.22,4,67
Hong Kong,2026-04-06,0xe3b8f689a316799ed0e1d310af1f321056c620ad362b805baf8530501fcda799,26,26,exact,1775434499,26,0,contains,YES,0.1459,0.91,0.1459,0.07,1775442423,timeout,132,685.62,-52.01,242,215
Hong Kong,2026-04-06,0x98fb1e26e2c7967498366a606ec79693adf536ecfe3e8ddea44aa122df578590,27,27,exact,1775445299,28,-1,above_obs,NO,0.52,0.52,0.48,0.88,1775452639,timeout,122,192.31,69.23,42,241
Wellington,2026-04-11,0x741a61ef1c732ca847a40f46bc2f6d47df58f2844b55937d80717563a7d0eed5,18,18,exact,1775870099,18,0,contains,YES,0.056,0.9376,0.056,0.001,1775877765,timeout,128,1785.71,-98.21,8,208
Chicago,2026-02-21,0x1f061dd6dc11cee88ffc482941b02d16b64bc427187fd98250203de9b174c97c,,-1.667,or_below,1771697699,-2.22,0,contains,YES,0.044,0.961,0.044,0.331,1771705480,timeout,130,2272.73,652.27,79,152
Sao Paulo,2026-04-18,0x2cbe9de8a081770c5785807535b054e03c08dcff3c8e6a03a9770b90e7116a42,28,28,exact,1776525299,28,0,contains,YES,0.07,0.94,0.07,0.001,1776530674,tape-ended,90,1428.57,-98.57,79,70
Sao Paulo,2026-04-18,0x1fa4f033f60444c77b5eb91ccc7e8c339edf2277ef0fea1186299f80bf82861f,29,29,exact,1776531599,29,0,contains,YES,0.01,0.9447,0.01,0.001,1776532046,tape-ended,7,10000,-90,29,126
Chengdu,2026-04-22,0xd999c07f94cc10e4cded6c4c09d7429cb04a1a16211a5423b81684583ea99cd9,21,21,exact,1776831299,21,0,contains,YES,0.0498,0.968,0.0498,0.001,1776838284,tape-ended,116,2008.5,-97.99,61,183
Manila,2026-04-15,0x6b8faf259bdb0666a77f0f77243a8d831058cb06396b1bd839019f4de9a6148f,32,32,exact,1776225708,33,-1,above_obs,NO,0.86,0.86,0.45,0.99,1776225856,profit-take,2,116.28,15.12,12,3
Cape Town,2026-04-22,0x9928da189ed681999ef38d1cb7dde4cf4fc4d5880ce656bc810003d26a1143d7,18,18,exact,1776852899,18,0,contains,YES,0.037,0.968,0.037,0.001,1776857056,tape-ended,69,2702.7,-97.3,125,108
Munich,2026-03-26,0x770b1c9340fa208558dc0e0e107fd4145a66cb090619637e9ad1583f1b403070,4,4,exact,1774511099,4,0,contains,YES,0.0517,0.96,0.0517,0.001,1774516849,tape-ended,96,1934.62,-98.07,48,244
Wuhan,2026-04-06,0x284641e9ae8ec743cbd7bf47f89cf95872838ffada96b29e48610d68758147a6,21,21,exact,1775456999,21,0,contains,YES,0.16,0.839,0.16,0.954,1775464209,timeout,120,625,496.25,10,237
Wuhan,2026-04-17,0xff0d84197546252e68797ef980db92d6d26198425be210e058202fb9d595db6f,26,26,exact,1776402899,26,0,contains,YES,0.1097,0.87,0.1097,0.001,1776413028,timeout,169,911.59,-99.09,237,169
Paris,2026-02-23,0xa014aaa5a0fb0663b676902af3fc907cdea5ff0f873b82f59bab78d6ab60d154,14,14,exact,1771846220,14,0,contains,YES,0.1424,0.7,0.1424,0.0018,1771853710,timeout,125,702.16,-98.72,132,12
Paris,2026-02-23,0x212633254a34db380a3158c2257752beb7f70e5db6230cf57ae6714384934371,15,15,exact,1771858820,16,-1,above_obs,NO,0.8556,0.8556,0.01,0.998,1771859066,profit-take,4,116.88,16.64,2,106
London,2026-04-18,0xa42e59d6ce3eab13d5b084102c49be68195e55d476548bc4c54c2aaefd797a85,18,18,exact,1776524399,18,0,contains,YES,0.04,0.97,0.04,0.01,1776531894,timeout,125,2500,-75,1,48
Cape Town,2026-04-19,0x825a9a1d2db8ed57575ada26d0298d8e32785297e4e4777d17ead025c251f8b7,14,14,exact,1776577499,14,0,contains,YES,0.0343,0.9696,0.0343,0.01,1776581866,tape-ended,73,2915.98,-70.84,201,85
Beijing,2026-04-12,0xc4bbbce4959f6760d3a7c600a0278549b124215e182bd6e0773e5538a154a53e,24,24,exact,1775974499,24,0,contains,YES,0.022,0.97,0.022,0.001,1775977215,tape-ended,45,4545.45,-95.45,8,124
Hong Kong,2026-04-22,0x2215280b7de63afaff105a0147210d3696a2b52378a0ad4e62daf65758b10c03,28,28,exact,1776820528,28,0,contains,YES,0.08,0.9,0.08,0.03,1776827916,timeout,123,1250,-62.5,182,15
Chengdu,2026-04-20,0x2dfc49e48ba3dbb3b02ddd89d77475d0adbb01c199cff24fc3547353c4e3dfe9,22,22,exact,1776658499,22,0,contains,YES,0.0656,0.95,0.0656,0.001,1776661300,tape-ended,47,1525.5,-98.47,17,219
Buenos Aires,2026-04-06,0xdf2e6b0eb5052ef3b42af42a70ee1128e4820eb7bc310b7d6cb60e010516a27a,17,17,exact,1775437199,18,-1,above_obs,NO,0.95,0.95,0.06,0.95,1775444733,timeout,126,105.26,0,52,168
Buenos Aires,2026-04-06,0xba59e4436525b779143d6fe5585a00530bd0df38176fbed24bd05b06df588be8,18,18,exact,1775439899,18,0,contains,YES,0.2,0.79,0.2,0.23,1775447437,timeout,126,500,15,36,210
Buenos Aires,2026-04-06,0xc320b62d590aa873246a4da64f6a99100f2cb1b97fcbf25e7736c8e070d9b6d9,16,16,exact,1775461499,18,-2,above_obs,NO,0.97,0.97,0.0261,0.974,1775470859,timeout,156,103.09,0.41,2,189
Tel Aviv,2026-04-21,0x495ca7332ca29800765e31ae13ef2b225880a4f9b0784ab0aec5f476bfa590db,20,20,exact,1776756599,20,0,contains,YES,0.1491,0.923,0.1491,0.001,1776765594,timeout,150,670.67,-99.33,37,150
Tel Aviv,2026-04-21,0x86468f4903f2a957f32c5050607bdebf95352e4f77250c6c420ded71c28464c1,21,21,exact,1776758399,21,0,contains,YES,0.1756,0.8424,0.1756,0.001,1776765594,tape-ended,120,569.44,-99.43,29,242
Sao Paulo,2026-02-16,0x2380a73f0708cac01fefe4309e68f230c9747c5882c66ad1d0bddaf5f6ae4734,32,32,exact,1771259399,32,0,contains,YES,0.1922,0.8,0.1922,0.2428,1771260877,tape-ended,25,520.36,26.36,178,9
Tel Aviv,2026-04-19,0x6c5cdc85e82d3b6661ef086735e0781f67588be7a0c9e4d5c7867e2bf6230612,22,22,exact,1776585599,22,0,contains,YES,0.15,0.86,0.15,0.001,1776590528,tape-ended,82,666.67,-99.33,95,227
Shenzhen,2026-04-19,0x2a0b3dd43cd74cecdadd5218e87652fa782594e9df49ae0d525dedd4a734e442,29,29,exact,1776572099,29,0,contains,YES,0.11,0.841,0.11,0.195,1776579378,timeout,121,909.09,77.27,7,219
Shenzhen,2026-04-19,0xa5488356b7eec7d71d2263ce5df313c2d0e8b800f259ef54fa351cd62ac9714e,30,30,exact,1776581999,30,0,contains,YES,0.1524,0.89,0.1524,0.005,1776590714,timeout,145,656.25,-96.72,21,246
Moscow,2026-04-19,0x5689e4ed3f5e061f35e36a0f5c4c78414f95bcb3358e9966cfdf2cba71a7eb53,4,4,exact,1776579299,4,0,contains,YES,0.07,0.93,0.07,0.096,1776586502,timeout,120,1428.57,37.14,137,189
Istanbul,2026-04-13,0xe93407d81e2442b72cdb13e924fdcb3f3c74775098d669534dc359b73e07720c,12,12,exact,1776072599,12,0,contains,YES,0.1995,0.81,0.1995,0.83,1776079875,timeout,121,501.19,315.99,214,230
Amsterdam,2026-04-13,0x45cd4cabe721eb65523f5fffbfd409213d061ca9fb60e3172df6bfb02aedd6c1,13,13,exact,1776078899,13,0,contains,YES,0.07,0.93,0.07,0.21,1776086219,timeout,122,1428.57,200,28,14
Tel Aviv,2026-03-27,0x4961b1d7e72e9565cc98c5f111e2cd7b1c0fd9e716085cc1017dfb2da5976aa2,17,17,exact,1774594799,17,0,contains,YES,0.12,0.88,0.12,0.001,1774606867,timeout,201,833.33,-99.17,130,141
Amsterdam,2026-04-14,0xe02a2dc50eb477249252bcce9c547dd55a21e0f43fb2b02a7840e8011eaf6f87,14,14,exact,1776163499,14,0,contains,YES,0.09,0.86,0.09,0.14,1776170983,timeout,125,1111.11,55.56,142,14
Seoul,2026-03-07,0x37b372fb23111fffe13850eba7d728af529b70cac422123df9830438e0ec0907,3,3,exact,1772856139,3,0,contains,YES,0.054,0.8018,0.054,0.001,1772861051,tape-ended,82,1851.85,-98.15,16,138
Istanbul,2026-04-14,0x7e35cc9b2fabdfb4991fdd4c0e55bff2931996789313ca4f6be2eb42b5dd9121,12,12,exact,1776155399,12,0,contains,YES,0.1376,0.8709,0.1376,0.45,1776162753,timeout,123,726.91,227.11,272,134
Buenos Aires,2026-04-17,0x76f67aa43ccb94a8005735f85a21b6cbe9d02c0c31861dfc030d40c46b071b4e,26,26,exact,1776453299,26,0,contains,YES,0.089,0.958,0.089,0.0053,1776459304,tape-ended,100,1123.6,-94.06,177,47
Chongqing,2026-04-16,0xe7c3a5e6c4e1435eafdec6dc5dcefa42d7e0a706a25c12125477906a36192626,23,23,exact,1776309299,23,0,contains,YES,0.11,0.95,0.11,0.0108,1776315506,tape-ended,103,909.09,-90.16,277,100
Chongqing,2026-04-16,0xc6f4ac98d381453cdf954e35f425befea6321bfe59075426597924715fe8b231,25,25,exact,1776318299,25,0,contains,YES,0.1,0.9174,0.1,0.96,1776325560,timeout,121,1000,860,39,189
Shanghai,2026-04-09,0x280410e063bd70ce4593c02face24bd5c260a22e47280869a981daf3f35631af,26,26,exact,1775706299,26,0,contains,YES,0.072,0.961,0.072,0.001,1775711985,tape-ended,95,1388.89,-98.61,12,138
Chongqing,2026-04-17,0x7cf353133604dc6fd1fcdcb977f68e86b8a104668b960f80523040a26b813249,26,26,exact,1776404699,26,0,contains,YES,0.2,0.82,0.2,0.001,1776413076,timeout,140,500,-99.5,41,147
Buenos Aires,2026-04-19,0xf1ffd02699a6492d4aac4ee0f443c6c495b6358f124255da5e51764d6602d265,23,23,exact,1776558599,23,0,contains,YES,0.12,0.88,0.12,0.09,1776573992,timeout,257,833.33,-25,111,170
Toronto,2026-04-13,0x670eefb7eccfcfe56adc799c88e421dfbfaf81f5c58fb9b2f5917540e4ffd0ef,20,20,exact,1776100499,20,0,contains,YES,0.071,0.91,0.071,0.699,1776107713,timeout,120,1408.45,884.51,26,9
Toronto,2026-04-01,0x4ddfc2adfc318eba741d6136dd74c4dae7e4583cae24673c7295652e97821757,10,10,exact,1775008799,10,0,contains,YES,0.18,0.8903,0.18,0.3,1775016023,timeout,120,555.56,66.67,212,11
Seoul,2026-04-07,0xeb6cd12642f7ee845ce50401a769ccdd40f0e96dddf81931b5631faa9397968f,10,10,exact,1775531699,11,-1,above_obs,NO,0.96,0.96,0.0577,0.9946,1775532415,profit-take,12,104.16,3.6,20,238
Ankara,2026-03-11,0x2cc4b3c074342b53e3424eb6f71e2c40824f277d17764bd197f1723b1c16ef83,13,13,exact,1773224727,13,0,contains,YES,0.065,0.88,0.065,0.001,1773230231,tape-ended,92,1538.46,-98.46,180,123
Ankara,2026-03-11,0x6c6dd18573fa9fe4cc44e703e9d35e548baf16f6e878178b89fc83588650ff95,14,14,exact,1773230127,15,-1,above_obs,NO,0.6471,0.6471,0.998,0.0274,1773231675,tape-ended,26,154.53,-95.76,8,176
Jakarta,2026-04-18,0x968298f4d28c369cef2d383d5e8d1406acd5debbfb9e36985b1a52f552bac435,32,32,exact,1776486599,32,0,contains,YES,0.1429,0.79,0.1429,0.001,1776492464,tape-ended,98,700,-99.3,73,172
Tokyo,2026-04-08,0x4b5dab89e9f3bf0185b22eea47cb1ff2201e84e34bd982ab2f279ea01687ea4c,17,17,exact,1775621699,17,0,contains,YES,0.19,0.7759,0.19,0.94,1775628907,timeout,120,526.32,394.74,32,42
Warsaw,2026-04-20,0x2f5a672899ef014586e11dd1167b1746eb9b4f95f3d425dd952c11d9152fed97,12,12,exact,1776681899,12,0,contains,YES,0.102,0.898,0.102,0.001,1776685678,tape-ended,63,980.39,-99.02,243,47
Denver,2026-04-10,0x306752ab6e3e9ea183dae35f74537f22361506dce3c7575765c53b1e17a22512,16.667,16.667,exact,1775855699,16.67,0,above_obs,NO,0.113,0.113,0.877,0.974,1775861189,tape-ended,92,884.96,761.95,134,249
Jakarta,2026-04-12,0x74a307ad8c1a58750ed04a37f8bef2f62627636b08f96b55560deae50892c729,33,33,exact,1775969099,33,0,contains,YES,0.2,0.79,0.2,0.02,1775970021,tape-ended,15,500,-90,136,24
Madrid,2026-03-25,0x42863f40d7aa3d617c1c66f59837bb59043655b4063fc5a45e97960e701e69ef,20,20,exact,1774448999,20,0,contains,YES,0.077,0.936,0.077,0.0644,1774449079,tape-ended,1,1298.7,-16.36,98,81
Lagos,2026-04-19,0x82346226a2c769de1957a29e3abceca8b4e5a47c9074e08d03406e44dd5120b9,30,30,exact,1776599099,30,0,contains,YES,0.019,0.8995,0.019,0.04,1776599654,tape-ended,9,5263.16,110.53,57,97
Lagos,2026-04-19,0x73da5f7b70d64b846c4afbba1efce1c9cd13e5709239eabb3806060869366277,31,31,exact,1776600899,31,0,contains,YES,0.0346,0.9608,0.0346,0.0541,1776602106,tape-ended,20,2890.65,56.27,33,14
Paris,2026-03-05,0x324dde96e3b7d2b1a126948b8a0d29a1303a723920c1bab107ada38e4877e910,17,17,exact,1772713831,17,0,contains,YES,0.1406,0.859,0.1406,0.001,1772719275,tape-ended,91,711.35,-99.29,2,60
Amsterdam,2026-04-06,0x40bb59284d44f11508652aa4a42aae9469eef73d4665970c7e007785de5d6b62,11,11,exact,1775467799,11,0,contains,YES,0.0475,0.96,0.0475,0.001,1775477551,timeout,163,2104.16,-97.9,218,81
Amsterdam,2026-04-06,0x33485e5d2953c5a0a723b062c5f997a6bfffb883c11dca4a99705f4e0865c337,12,12,exact,1775480399,12,0,contains,YES,0.2,0.8,0.2,0.001,1775487869,timeout,125,500,-99.5,120,15
Guangzhou,2026-04-21,0x9aa33b00c75f199e377dc84e16f5f16155c5f7f5bcc578e63b4921640ac9d9c9,29,29,exact,1776741299,29,0,contains,YES,0.045,0.964,0.045,0.001,1776749450,timeout,136,2222.22,-97.78,241,132
Guangzhou,2026-04-21,0xdc9a7d4cd588b983c95d3711e526f7bdef694566e0140e3057b1eae1a60d1600,30,30,exact,1776743999,30,0,contains,YES,0.09,0.92,0.09,0.001,1776746194,tape-ended,37,1111.11,-98.89,131,66
Guangzhou,2026-04-21,0xbf6f4b5e83b76dbe54ef9b84c2b79537cd03d4aa51c60fbbbea5eb1649a60272,31,31,exact,1776749399,31,0,contains,YES,0.19,0.77,0.19,0.001,1776749926,tape-ended,9,526.32,-99.47,29,147
Seoul,2026-03-08,0x34126d481bda06e70709af5ff03eb83a97d4ce90a8345da40292c402823bc420,3,3,exact,1772934643,3,0,contains,YES,0.037,0.969,0.037,0.001,1772938847,tape-ended,70,2702.07,-97.3,12,73
Jakarta,2026-04-09,0x41d49016f888ef8030b8557339963f4b64a3fd45b8a01fe0c2eee7f119e34092,31,31,exact,1775711699,32,-1,above_obs,NO,0.55,0.55,0.674,0.248,1775715549,tape-ended,64,181.82,-54.91,30,58
Jakarta,2026-04-09,0x9466040be5e7a98bbcf9dd37d160a9e4e028117211aa1466c9a45f163c0be71a,32,32,exact,1775717999,32,0,contains,YES,0.19,0.9512,0.19,0.0035,1775725761,timeout,129,526.32,-98.16,110,123
Seoul,2026-04-11,0x6a7ec581dcd6f5e0b62ecac0daf17379647f5059267237236a8feac7d0a1acb0,11,11,exact,1775879099,11,0,contains,YES,0.1798,0.812,0.1798,0.4376,1775886329,timeout,121,556.13,143.34,34,27
Jakarta,2026-04-19,0x3d1fe84b079666f9973a685ae4a9fcc150c025e139e806de2d0c619054fdcfc9,32,32,exact,1776570299,32,0,contains,YES,0.05,0.91,0.05,0.001,1776580636,timeout,172,2000,-98,241,93
Chengdu,2026-04-18,0x69662dea8830ed7642c448020b15db2e0f4b52294c4bb62f909c8014bb5f14ba,29,29,exact,1776499199,29,0,contains,YES,0.17,0.86,0.17,0.001,1776499530,tape-ended,6,588.24,-99.41,11,241
Istanbul,2026-04-19,0xe7c71d993e06e5eb0f6f9bf5f2cd4a8095f038567524c467fe79236ba5d1f6c0,13,13,exact,1776580199,13,0,contains,YES,0.04,0.96,0.04,0.001,1776584796,tape-ended,77,2500,-97.5,219,176
Istanbul,2026-04-19,0x5aef9194908027a44ffff39066c144f51345532518cf366537c54ebbdd02dd41,14,14,exact,1776584699,14,0,contains,YES,0.13,0.88,0.13,0.18,1776592350,timeout,128,769.23,38.46,75,154
Wuhan,2026-04-18,0xb6a290a00f6dfeab600e1503d97888f81248c2fd62c0d32094d70a86c0516c6e,27,27,exact,1776489299,27,0,contains,YES,0.051,0.96,0.051,0.001,1776495446,tape-ended,102,1960.78,-98.04,59,141
Wuhan,2026-04-18,0x4bb38dd6c81aa71b93f02980a6986753e38395b16c04d23d7751c285ef68830c,28,28,exact,1776495599,28,0,contains,YES,0.15,0.7844,0.15,0.001,1776496018,tape-ended,7,666.67,-99.33,13,198
Madrid,2026-04-18,0x3864f9c56a0320863dabd72fce57ae90c5aa2c51697eb4b8ab4f1d837c3d182b,26,26,exact,1776522599,26,0,contains,YES,0.06,0.965,0.06,0.001,1776526476,tape-ended,65,1666.67,-98.33,119,147
Munich,2026-03-09,0xe412fac650bf731fba270ad37c62518bebe33c3b5caa0d1a11694ee2b2b8925c,14,14,exact,1773060719,15,-1,above_obs,NO,0.55,0.55,0.53,0.999,1773061107,profit-take,6,181.82,81.64,250,24
Paris,2026-03-08,0x4144e994c8f4016367222fa1ce3636aa6803bb0bf128f801be72bef14612abae,,14,or_below,1772970253,10,0,contains,YES,0.11,0.916,0.11,0.15,1772977621,timeout,123,909.09,36.36,60,19
Toronto,2026-04-07,0xe62449d0fd5bd4571f7469ed65a8500ba44129bf5d63235d3f3ec8e3778d0b62,1,1,exact,1775528999,2,-1,above_obs,NO,0.6,0.6,0.43,0.99,1775534545,profit-take,92,166.67,65,22,10
Munich,2026-03-14,0x3d2a5e3d676763e2d6a9044758cae31d7bd62306e5480271540ef5e2751a93f2,10,10,exact,1773478661,10,0,contains,YES,0.036,0.969,0.036,0.001,1773482045,tape-ended,56,2777.78,-97.22,52,41
Buenos Aires,2026-02-17,0x40fd7d3bbda1d883e06fe17da4e77dcfc64539264522ec15f40b14639b36bb76,,30,or_below,1771341299,25,0,contains,YES,0.1582,0.95,0.1582,0.38,1771348739,timeout,124,632.21,140.24,6,11
Sao Paulo,2026-03-07,0x4262ccd2cd9e20150e65c79b5449e81e3a580d6e2ce86e76e2c65dc723668b96,,25,or_below,1772893357,23,0,contains,YES,0.1036,0.939,0.1036,0.649,1772900827,timeout,125,965.48,526.6,78,14
Paris,2026-02-25,0x9a5002f9b0cccc0efd39e0e70ecd53c6510541e757aca61f2eaedebc1d9d862a,18,18,exact,1772023518,18,0,contains,YES,0.12,0.91,0.12,0.001,1772029024,tape-ended,92,833.33,-99.17,28,30
Kuala Lumpur,2026-04-22,0xe0ca1a6ce4390165603045b77468a3fe202e2c278ed48f33e99099892b76f0db,31,31,exact,1776831299,31,0,contains,YES,0.049,0.95,0.049,0.1078,1776834252,tape-ended,49,2040.82,119.92,39,136
Seoul,2026-03-24,0x8a05cc26e77cb950e6fe28c1a2e64bd074fb74a001e80a3baf5dcd40adf78b99,13,13,exact,1774331099,14,-1,above_obs,NO,0.14,0.14,0.89,0.025,1774338381,timeout,121,714.29,-82.14,24,49
Toronto,2026-04-12,0x896f952b8f5bb4c90e58d80ba6cf8fab6c5a7b40bedd66ec81c524723e0381bd,7,7,exact,1775969099,7,0,contains,YES,0.15,0.84,0.15,0.159,1775977929,timeout,147,666.67,5.98,212,12
Seattle,2026-04-17,0x44ee1908f2d3b6d0135efdd68a51f322db692a3aca0d29a2aeda758a485be7c7,,10.556,or_below,1776393899,12.22,-1.66,above_obs,NO,0.9698,0.9698,0.031,0.98,1776394094,profit-take,3,103.11,1.05,77,52
Jeddah,2026-04-15,0x9a5da92b3b6b4eb377e81f42ee927e07230f6cea018362fb98c95387a463da1d,33,33,exact,1776233699,33,0,contains,YES,0.12,0.8783,0.12,0.001,1776237074,tape-ended,56,833.33,-99.17,99,3
Jeddah,2026-04-15,0x558d54b8818d9f895d84e13f6a3a1a5b08f13c2753afda03ba423bc7d343f5bc,34,34,exact,1776237299,34,0,contains,YES,0.09,0.7,0.09,0.001,1776240228,tape-ended,49,1111.11,-98.89,127,11
Tokyo,2026-03-11,0x461c974d3315e42a24f2eec407ebe07b320799a13987866669858b3aeff93dc4,9,9,exact,1773200617,9,0,contains,YES,0.15,0.88,0.15,0.0014,1773207195,tape-ended,110,666.67,-99.1,78,15
Guangzhou,2026-04-20,0xae1cf768eb644a513f021b673f60f60f7bc958d90117756e304cd4a232139cac,,27,or_below,1776644999,26,0,contains,YES,0.0301,0.964,0.0301,0.036,1776645902,tape-ended,15,3326.08,19.74,143,66
Guangzhou,2026-04-20,0x7e2fc4b259a52fe0cda9fe3503a784e84042dae26e7671f182921fd6a1cd5a02,29,29,exact,1776652199,29,0,contains,YES,0.08,0.94,0.08,0.001,1776658336,tape-ended,102,1250,-98.75,33,78
London,2026-03-07,0x50227777d8d0bc4986ed9eaaff8b4e824c9f1ca91e9200e80dec6cfdacb72c8a,,8,or_below,1772885697,8,0,contains,YES,0.028,0.9,0.028,0.24,1772892953,timeout,121,3571.43,757.14,50,77
Buenos Aires,2026-01-13,0x5752a1cbb3713d1424bce4ea8fd395607319d5c1649c2f50974922de25b72610,,31,or_below,1768265099,30,0,contains,YES,0.15,0.96,0.15,0.26,1768277331,timeout,204,666.67,73.33,144,9
Cape Town,2026-04-16,0xf8181b2b8b4fa7d91a3fc0b452b05d2a9321645320b729c95553e7a9509239f4,20,20,exact,1776330899,20,0,contains,YES,0.12,0.9,0.12,0.001,1776337550,tape-ended,111,833.33,-99.17,19,14
Tokyo,2026-04-05,0xc9650f01a068edaa4a669ad1b800f88cf156e7f64a98c72fdcab6284b51c4dfe,22,22,exact,1775355299,22,0,contains,YES,0.16,0.84,0.16,0.001,1775358101,tape-ended,47,625,-99.38,38,91
Seattle,2026-01-31,0x5c9d6ec4bd96f28a5bd6b9e545bbe19d70dcd082b28f4f2c8fb263f00bfba3f7,,11.667,or_below,1769826599,11.67,0,above_obs,NO,0.949,0.949,0.0684,0.98,1769831424,profit-take,80,105.37,3.27,159,30
Seoul,2026-03-11,0x5ca6e479f61a279cb3bb7f57eda8ab64699b6709c5e163cd06f586a01ede7af1,5,5,exact,1773199163,5,0,contains,YES,0.06,0.9552,0.06,0.0157,1773206379,timeout,120,1666.67,-73.91,16,135
New York City,2026-04-17,0xe0c1a994d9db13fbeb26e6b67778b8319bc83645050db74f08cdf0b424a7fd33,,25,or_below,1776458699,26.67,-1.67,above_obs,NO,0.05,0.05,0.942,0.001,1776467348,timeout,144,2000,-98,103,31
Sao Paulo,2026-02-22,0x66c942a597c031f615ecaa9cecb9ff565d110983b6d5a248b646aa9f5dc1d463,26,26,exact,1771769138,27,-1,above_obs,NO,0.81,0.81,0.43,0.999,1771772826,profit-take,61,123.46,23.33,232,18
Paris,2026-03-11,0x66cd899c70d615336af3a3f7a4d1aea1fa460ba77aae9e63fa54c276b07d4d0a,12,12,exact,1773235099,12,0,contains,YES,0.05,0.904,0.05,0.001,1773242353,timeout,121,2000,-98,12,156
Atlanta,2026-01-12,0x68e6f0d193feb3c9217cbb3dd968996ddc47b52a4dc7c3cb5974cde0ca515331,,8.333,or_below,1768184099,3.33,0,contains,YES,0.17,0.8,0.17,0.14,1768198466,timeout,239,588.24,-17.65,211,14
Paris,2026-03-01,0x6d6cb31495cbb70435a794fe60ebada3e0eaeb1686f1a7a00a1a6ad01b1df821,12,12,exact,1772366633,12,0,contains,YES,0.13,0.96,0.13,0.28,1772373923,timeout,122,769.23,115.38,20,21
New York City,2026-03-12,0x6d6eac9170a5d719a3639a33ec277b578dc52fb7c753c19e36ecd4ff64f7fbd4,15.556,15.556,exact,1773296701,16.11,-0.55,above_obs,NO,0.55,0.55,0.41,0.96,1773303943,timeout,121,181.82,74.55,16,20
Busan,2026-04-22,0xfe91b515f87137450354d0cc8cc77d3deb732e2c1c6abb4fb567f4a7b20a27c7,18,18,exact,1776829499,18,0,contains,YES,0.15,0.83,0.15,0.001,1776830818,tape-ended,22,666.67,-99.33,1,224
Tokyo,2026-03-12,0x71b79642318e97ad0efb59a17b2be8df68b683e5b04fc4e17dd8fe167464da5f,11,11,exact,1773288229,11,0,contains,YES,0.13,0.9,0.13,0.56,1773295605,timeout,123,769.23,330.77,4,32
Toronto,2026-03-05,0x77686f7c4d47de1ee8464c2d5eb980dc14fd99ae70fdfdc3f754a58b58e97da6,5,5,exact,1772717079,5,0,contains,YES,0.105,0.95,0.105,0.4972,1772724291,timeout,120,952.81,373.77,176,7
Toronto,2026-03-05,0xf69f0a78b384d7d68f4e5e3b574397e13aebaf451536fb9edce0b014f835ab24,4,4,exact,1772717979,5,-1,above_obs,NO,0.77,0.77,0.24,0.0898,1772725255,timeout,121,129.87,-88.34,64,8
Jeddah,2026-04-22,0xfe32bafbe1dc8843bdde912a739c626bbf18974035fab39d4deb536ab98e4a0e,31,31,exact,1776845699,31,0,contains,YES,0.08,0.91,0.08,0.1432,1776848280,tape-ended,43,1250,79.05,47,73
Hong Kong,2026-03-22,0x7ca29e0612f577976e3eb752d88e50785c7c424c821fea606ffcf485f67f7ddb,23,23,exact,1774150005,25,-2,above_obs,NO,0.95,0.95,0.05,0.989,1774153601,profit-take,60,105.26,4.11,8,20
Toronto,2026-03-07,0x827d2bc2873b416b997588647c756e06ca6a68e89edeed1cdac513e16773cafe,16,16,exact,1772910535,17,-1,above_obs,NO,0.11,0.11,0.999,0.001,1772910627,tape-ended,2,909.09,-99.09,16,240
Buenos Aires,2026-02-27,0x887a108aec3b53fda5c7672727e199344449ce9a5405cb5d6a7f368517506b11,,28,or_below,1772205517,24,0,contains,YES,0.0681,0.96,0.0681,0.0102,1772212897,timeout,123,1468.94,-85.08,32,13
Chicago,2026-03-07,0x8d1156dd4c72fed707d74a1c3d89ee46eda44a0ff3da9812036ea8bdc73e8123,15.556,15.556,exact,1772856685,17.22,-1.66,above_obs,NO,0.05,0.05,0.96,0.0013,1772866437,timeout,163,2000,-97.49,162,4
Singapore,2026-03-15,0x8f8e16e91eaec98cb73c25be8cc11b3496002fb6f8b6cb4f980425843a04f80d,30,30,exact,1773545557,30,0,contains,YES,0.19,0.8662,0.19,0.91,1773552967,timeout,124,526.32,378.95,186,6
San Francisco,2026-04-19,0xb363691f30d26e76f81edb2aa2cdb72ab3663c90edcdacdda79a58d0ea7b3b9a,21.111,21.111,exact,1776560399,21.67,-0.56,above_obs,NO,0.938,0.938,0.0923,0.942,1776569726,timeout,155,106.61,0.43,165,209
Sao Paulo,2026-03-09,0xb2dbcafb1ad5e994748ab0bcdc009f921b3f0645f009c961ff55b7855c506292,22,22,exact,1773058423,22,0,contains,YES,0.09,0.94,0.09,0.15,1773065801,timeout,123,1111.11,66.67,300,9
Sao Paulo,2026-02-28,0xc172a3ba7c420f86044877399a05a8b3a0d8c263216410cc7878ce96d3ac440d,24,24,exact,1772288867,24,0,contains,YES,0.15,0.89,0.15,0.0082,1772296713,timeout,131,666.67,-94.51,4,11
Lucknow,2026-03-16,0xc7f5dd53db0b14611510d943af74ddaa40530ccfe5cf9d9576ea12ee23ec03de,,31,or_below,1773641749,30,0,contains,YES,0.15,0.85,0.15,0.25,1773649015,timeout,121,666.67,66.67,106,17
Toronto,2026-02-27,0xc8c5b57458e9605363a46ae482d2abfa6d36cd656951075642f8fc6abb31cc00,4,4,exact,1772215841,4,0,contains,YES,0.1592,0.902,0.1592,0.001,1772222553,tape-ended,112,628.13,-99.37,68,11
Paris,2026-03-06,0xc949eac2de9a933a7ee9836d7f9dd0e4bd20769f15bd3a9ccce5c056e784b6c0,16,16,exact,1772800353,16,0,contains,YES,0.0709,0.969,0.0709,0.001,1772807575,timeout,120,1409.58,-98.59,48,52
Buenos Aires,2026-02-13,0xe8c0411a7d9a162ca2926f4caa2c66c96d64df7c4db7ab90e1e184f5ca6b6ce9,,27,or_below,1770989061,24,0,contains,YES,0.1,0.8983,0.1,0.0202,1770996421,timeout,123,1000,-79.77,144,3
Wellington,2026-03-11,0xdc5f50f0791b27c05ab8949813eb22dcdf83cfc45b6be73498c4f0668946e7c1,17,17,exact,1773189027,17,0,contains,YES,0.03,0.961,0.03,0.001,1773193235,tape-ended,70,3333.33,-96.67,214,89
Chicago,2026-02-01,0xe0aac0f5daf4613ecf234654b0d4c0faff3d8d72ace003614765ef66e73fe70e,,-5,or_below,1769912099,-6.67,0,contains,YES,0.0747,0.969,0.0747,0.01,1769923220,timeout,185,1339.56,-86.6,107,18
Seoul,2026-01-12,0xe8763fc09863262d7b5e921c9565fa8e320e7097efcd608bf8b1c24f3b722dc8,,2,or_below,1768188326,-2,0,contains,YES,0.13,0.94,0.13,0.13,1768199776,timeout,191,769.23,0,256,29
Sao Paulo,2026-02-26,0xe95b30d38ec6f1808bd380e61de30b1105253f51cc36e61b9a9ae0f98836a8d1,23,23,exact,1772115712,23,0,contains,YES,0.0319,0.9685,0.0319,0.001,1772121580,tape-ended,98,3130.21,-96.87,158,17
London,2026-03-04,0xe9cb41d86c1c6fe6b33e3ce4f35136dd48684f5f75379a3568c8ac8d849874b8,,12,or_below,1772590639,6,0,contains,YES,0.035,0.9692,0.035,0.0332,1772598025,timeout,123,2859.76,-5.08,168,129
Seattle,2026-01-30,0xf6e20b0ad4de8127e1646278dede73cf330f9d8b3d0e975141601823514ee4a5,,9.444,or_below,1769748299,10,-0.56,above_obs,NO,0.95,0.95,0.05,0.93,1769756742,timeout,141,105.26,-2.11,295,24
Munich,2026-03-07,0xff5d0eadb3333cc4534507be69a4bdde593656f02a5ba546d91bbc688e4e7b08,15,15,exact,1772890333,15,0,contains,YES,0.16,0.84,0.16,0.01,1772893507,tape-ended,53,625,-93.75,94,20
